0011013120500,homesolv,citra solv,LAUNDRY
0012388003207,Bold 3 aromas de primavera,Sánchez y Martín,LAUNDRY
0019200753524,Lemon Breeze Scent All Purpose Cleaner,Lysol,CLEANING_PRODUCT
0019200791748,"Power Clinging Gel Toilet Bowl Cleaner, Atlantic Fresh Scent",Lysol,CLEANING_PRODUCT
0019200893312,Ammonia Free Glass Cleaner - Spring Waterfall scent,Glass Plus,CLEANING_PRODUCT
0020066319946,Rust Dissolver Gel Formula Spray,Rust-oleum,CLEANING_PRODUCT
0024200041687,Discs Laundry Detergent Pacs Original,Persil,LAUNDRY
0030772006122,dawn dish detergent,,LAUNDRY
0030772009086,Détergent à vaisselle liquide,Dawn,CLEANING_PRODUCT
0030772023792,9 Elements Laundry Detergent,9 Elements,LAUNDRY
0030772078020,9 Elements Laundry Detergent,9 Element,LAUNDRY
0030772083765,Cascade Platinum Plus pacs,Cascade,CLEANING_PRODUCT
0030772121436,Detergent,Tide,LAUNDRY
0030772177532,Platinum Plus Actionpacs Dishwasher Detergent,Cascade,CLEANING_PRODUCT
0033200942337,Oxi Clean Odor Blasters,Oxi Clean,LAUNDRY
0036776707379,Éponges,Scotch-Brite,CLEANING_PRODUCT
0037000004714,Detergent,,LAUNDRY
0037000007746,Power Dry Rinse Aid - 80 Loads,Cascade,CLEANING_PRODUCT
0037000127864,Detergent,Gain,LAUNDRY
0037000441052,Laundry detergent,,LAUNDRY
0037000657323,Platinum Plus Powerwash Dish Spray - Free & Clear,Dawn,CLEANING_PRODUCT
0037000874744,laundry detergent,,LAUNDRY
0037000964438,Detergent a vaiselle liquide,,LAUNDRY
0041911000567,Glass Cleaner,Sprayway,CLEANING_PRODUCT
0043318140105,All purpose cleaner,,CLEANING_PRODUCT
0044600324289,Bleach,Clorox,BLEACH
0046500723544,Everyday Clean Multisurface Cleaner Spray - Antibacterial Fresh Citrus,Pledge,CLEANING_PRODUCT
0048951308639,Lemon Verbena Laundry Liquid,Nature Clean • 🇨🇦FT Ross,CLEANING_PRODUCT
0051700206469,finish Quantum dish detergent,,LAUNDRY
0051700788262,Shiner dishes,finish jet-dry,LAUNDRY
0052721328826,Dropps dishwasher detergent pods,,LAUNDRY
0055086002394,Murumuru Butter & Rose Deodorant,Love Beauty & Planet,CLEANING_PRODUCT
00580076,Trader Joe’s Dishwasher Detergent Gel,Trader Joe’s,LAUNDRY
0058951232506,Rinse Agent for Automatic Dishwashers,Nature Clean • 🇨🇦Frank T Ross,CLEANING_PRODUCT
0059200807704,Windex,,CLEANING_PRODUCT
0060887140039,Nettoyant Multi-Surface,,LAUNDRY
0061328533304,Essuie-tout,Sponhetowels,CLEANING_PRODUCT
0063827602567,Baby Sensitive • Sulphate Free Echo Clean • 2X Concentrated Laundry Detergent,Echo Clean • 🇨🇦VIP Products Mission BC,CLEANING_PRODUCT
00654043,Liquid Laundry Detergent,Trader joes,LAUNDRY
0067220576012,Natural Dishwasher Detergent,,LAUNDRY
0069045310727,Laundry Detergent,La Parisienne,LAUNDRY
0070481011024,Murphy Oil Soap Wood Cleaner Liquid,Murphy,CLEANING_PRODUCT
0071153652545,STP Son of A Gun! Protectant,STP,CLEANING_PRODUCT
0072613474424,Free & Clear up&up detergent,,LAUNDRY
0072613709472,Free Clear HE Liquid Laundry Detergent,Up & Up,LAUNDRY
0077890479094,Dye and Perfume free dish detergent,Wegmans,LAUNDRY
0077890504437,Plant powered dishwasher detergent,Wegmans,LAUNDRY
0079893200538,Laundry Detergent,Open Nature,LAUNDRY
0083701338603,Degreaser Concentrate Foaming Spray,Stanley,CLEANING_PRODUCT
0096619105489,Kirkland ultraclean laundry detergent,,LAUNDRY
0096619115471,Ultra Clean Premium Laundry Detergent Capsules,Kirkland Signature,LAUNDRY
0096619337002,kirkland detergent,,LAUNDRY
0099482451721,laundry Detergent 365,Whole Foods,LAUNDRY
01137194,Antibacterial Multi-surface Spray,Sainsbury’s,LAUNDRY
01277968,Sniper DDVP,Sniper,CLEANING_PRODUCT
01792768,80 Antibacterial Multi-surface Wipes,Sainsbury’s,LAUNDRY
0184268001562,Probiotic Multi-Surface Cleaning Concentrate Lemongrass,SCD Probiotics,LAUNDRY
0184268001579,Probiotic Multi-Surface Cleaning Concentrate Lavender,SCD Probiotics,LAUNDRY
0184368000848,Probiotic Multi-Surface Cleaning Concentrate Lemongrass,SCD Probiotics,LAUNDRY
0184368000886,Probiotic Multi-Surface Cleaning Concentrate Lavender,SCD Probiotics,LAUNDRY
0184368000893,Probiotic Multi-Surface Cleaner Lavender,SCD Probiotics,LAUNDRY
0184368000909,Probiotic Multi-Surface Cleaner Lemongrass,SCD Probiotics,LAUNDRY
0193460269312,Microfiber multi-purpose towels,ProElite,CLEANING_PRODUCT
0195464433027,Broom Head,Standard Essentials,CLEANING_PRODUCT
0195464520611,Dust pan,Standard Essentials,CLEANING_PRODUCT
0197870226798,Field & Future by H‑E‑B Liquid Laundry Detergent - Lavender,Field & Future,LAUNDRY
0317804136184,Lessive liquide Bébé Peaux Sensibles,LE CHAT,LAUNDRY
0317804136189,"Lessive liquide Sensitive Savon de Marseille et Aloe Vera - LE CHAT - 2,835L",Le Chat,LAUNDRY
0317804136348,"Lessive liquide Total 4en1 - X-TRA - 2,835L",Xtra,LAUNDRY
0317804136395,"Lessive liquide Raviveur de couleurs - MIR - 1,35L",MIR,LAUNDRY
0317804136396,"Lessive liquide Raviveur de blanc - MIR - 1,35L",MIR,LAUNDRY
0317804136397,Lessive liquide Raviveur Noir,MIR,LAUNDRY
0317804136398,Lessive Liquide Raviveur Laine Soie Et Délicats,MIR,LAUNDRY
0317804136412,Lessive capsules Peaux sensibles Aloe vera et Savon de Marseille - LE CHAT - 23 capsules,Le Chat,LAUNDRY
0317804136413,Lessive capsules 4en1 Discs Anti-taches,LE CHAT,CLEANING_PRODUCT
0404494332904,Liquide à vaisselle,La Parisienne,CLEANING_PRODUCT
0579961047015,Liquide vaisselle,L'arbre vert,CLEANING_PRODUCT
0626232120431,Laundry Detergent,ATTITUDE,LAUNDRY
0626232132281,Tablettes Lave-vaisselle,Attitude,CLEANING_PRODUCT
0626232831290,Unscented Baby Bottle & Dishwashing Liquid,Attitude Baby Leaves,CLEANING_PRODUCT
0671635735454,Dishwasher detergent powder,,LAUNDRY
0678597200754,Flex Wipes Disinfectant Wipes,Flex Wipes,CLEANING_PRODUCT
0703074070503,Dishwashing detergent,,LAUNDRY
0703074228768,Dish Detergent booster,,LAUNDRY
0719283626493,Dish Detergent,Meijer,LAUNDRY
07267390,up & up detergent,,LAUNDRY
0732913221707,"Seventh Generation, Dishwasher Detergent Gel, Free & Clear",Seventh Generation,LAUNDRY
0732913229291,Dishwasher Detergent Gel,Seventh Generation,LAUNDRY
0732913447053,EasyDose Ultra Concentrated Laundry Detergent,Seventh Generation,LAUNDRY
0732913451340,Laundry detergent powder,,LAUNDRY
0737025000264,Hardwood Floor Cleaner Spray,Bona,CLEANING_PRODUCT
0749174097996,Ecos Hypoallergenic Laundry Detergent,,LAUNDRY
0749174098894,Plant Powered Laundry Detergent,ECOS,LAUNDRY
0776622011020,Détergent à lessive HE,Biovert,LAUNDRY
0793969648948,Fragancia Floral,Espumita,LAUNDRY
0808124114418,Multi-Surface Everyday Cleaner,Mrs. Meyer's,LAUNDRY
0808124174245,Multi-Surface Everyday Cleaner,Mrs. Meyer's Clean Day,LAUNDRY
0810049644116,Cleancult Laundry Detergent,,LAUNDRY
0810088120510,Grove Co Pure Power Dishwasher Detergent Pods,,LAUNDRY
0817939005248,Multi-Surface Non-toxixc Surface Cleaner,Method,LAUNDRY
0817939005255,Multi-Surface Surface Cleaner,method,LAUNDRY
0817939012147,Concentrated Laundry Detergent,Method,LAUNDRY
0817939012178,Method Concentrated Laudry Detergent - Orchard Fruit,Method,LAUNDRY
0817939014059,All purpose cleaner,,CLEANING_PRODUCT
0817939019306,All Purpose Cleaner,,CLEANING_PRODUCT
0819978021500,Laundry Detergent Packs,,LAUNDRY
0819978022569,Total Clean Dishwasher Detergent Packs - Free & Clear,Grove Co.,LAUNDRY
0827854009467,Fabric Softener,Suavitel,LAUNDRY
0829425000170,clorox dishwasher detergent,,LAUNDRY
0829576020065,Laundry Detergent,Everspring,LAUNDRY
0829576020973,Lemon & Mint Multi-Surface Cleaning Wipes,Everspring,LAUNDRY
0843536180484,Multi-surface Non-toxic Cleaner,Method,LAUNDRY
0850016208002,All purpose cleaner,,CLEANING_PRODUCT
0850024701731,Molly SUDS disheasher detergent pods,,LAUNDRY
0852835006661,Molly's Suds Laundry Detergent Lavender,Molly's Suds,LAUNDRY
0853907001065,Lavender Laundry Wash,Eco Max • Natural Laundry Wash,LAUNDRY
0853907001430,"4X Concentrate, Laundry Wash",Eco Max • 🇨🇦Prism Care Corp.,CLEANING_PRODUCT
0855878003055,Boulder Clean Laundry Detergent,,LAUNDRY
0860009003422,Laundry Detergent,Oxydol,LAUNDRY
0871895155476,Adoucissant Dilué Grand Air,Soupline,LAUNDRY
0871895155644,Adoucissant Concentré Grand air,Soupline,LAUNDRY
0871895163530,Adoucissant Concentré Grand air,Soupline,LAUNDRY
0872018124822,Lessive capsules Tout en 1 Fraîcheur intense - SKIP - 38 capsules,SKIP,LAUNDRY
0872018151024,Lessive capsules 3en1 Monoï,OMO,CLEANING_PRODUCT
0872018151027,Lessive capsules Jasmin et Fleur de coton,OMO,LAUNDRY
0872018151029,Lessive capsules 3en1 Mangue Fleurs des îles,OMO,LAUNDRY
0872018162086,Lessive capsules Absolu Fleurs Blanches Bois de Cèdre,,LAUNDRY
0890910606346,Surf Excel,Surf,LAUNDRY
0892245001306,Dapple dishwasher detergent packs,,LAUNDRY
0892245001849,Baby Laundry Detergent,Dapple Baby,LAUNDRY
0895026002721,Organic Fruit and Vegetable Wash,Greenshield Organic,CLEANING_PRODUCT
0895454002041,Better Life All Purpose Cleaner,,CLEANING_PRODUCT
10011742,liquide vaisselle,L' Artisan Savonnier,LAUNDRY
11723158,lessive concentré,,CLEANING_PRODUCT
16015951,Una,Una,CLEANING_PRODUCT
18850002031767,Detergent,SUE SAT,LAUNDRY
20026622,Essuie-tout,,CLEANING_PRODUCT
2006050104154,Lessive liquide Savon de Marseille Sentive,Tandil,LAUNDRY
20074623,GEL WC PINHO 3EM1 W5 1LT,W5,CLEANING_PRODUCT
20074647,GEL WC MARINHO W5 1LT,,CLEANING_PRODUCT
20573454,maxi trat,Maxi Trat,LAUNDRY
20665784,liquide vaisselle,w5,CLEANING_PRODUCT
20753603,Liquide vaisselle,,CLEANING_PRODUCT
20893255,Liquide vaisselle Agrumes,W5,CLEANING_PRODUCT
2200046601010,AVEO MED Handgel Desinfektion,Müller,CLEANING_PRODUCT
2263835095322,Eau de javel,,BLEACH
23134973,WC-Schaumreiniger - Lemon,WC Fix,LAUNDRY
26025001,Une liquide vaisselle,Ecolabel,CLEANING_PRODUCT
26025186,pastilles javel effervescentes,Twodo,BLEACH
26111250861391,MIO,PRODUITS DÉTERGENT,LAUNDRY
3000000129821,Liquide vaisselle,,CLEANING_PRODUCT
3011610023522,SUN Sel régénérant,,CLEANING_PRODUCT
3011610056377,sel régénérant,Sun,CLEANING_PRODUCT
3011610064945,Cajoline Intense Sachets pour Armoire Fraîcheur Printanière 3 sachets,Cajoline,LAUNDRY
3011610070526,Cajoline Intense Eau De Repassage Parfumée Fraîcheur Printanière Bouteille 750ml,Cajoline,LAUNDRY
3011610078072,Cajoline Assouplissant Concentré Doux Pur Hypoallergénique 750ml 30 Lavages,Cajoline,LAUNDRY
3015810747202,Paic Excel,PAIC,CLEANING_PRODUCT
3045206381208,Sanytol,AC Marca Ideal S.A.S,CLEANING_PRODUCT
3045206383004,Détartrant désinfectant,Sanytol,CLEANING_PRODUCT
3045206396608,Tablette lave vaisselle,,CLEANING_PRODUCT
3059940006976,Traitement intégral désinfectant,Destop,CLEANING_PRODUCT
3059940248611,Cirage marron,Baranne excellence,CLEANING_PRODUCT
3059941009488,Gel WC 100% hygiène,Harpic,LAUNDRY
3059941113017,Bloc WC javel citron vert x2,Harpic,CLEANING_PRODUCT
3059946162850,Tablettes lave-vaisselle - format famillial,,CLEANING_PRODUCT
3059946162980,"Tablettes de lavage pour lave-vaisselle, all in one max spécial graisses incrustées",,CLEANING_PRODUCT
3059946164816,Quantum,Finish,LAUNDRY
3059948004233,200ML GEL EXTRADOUX INTIMA,,LAUNDRY
3077316792117,Vinaigre ménager à diluer,Le droguiste,LAUNDRY
3107240104141,BID.2L JAVEL NAT.2.6% CHLOR.PP,,BLEACH
3134375205771,Éponge texture douce,,CLEANING_PRODUCT
3141360050001,Calgon Power Gel,Calgon,CLEANING_PRODUCT
3141360053255,Sel Régénérant - 4 KG,,CLEANING_PRODUCT
3178040690714,Vaisselle Secrets de Soin Aloé Vera Peaux Sensibles Dégraissant,Mir,CLEANING_PRODUCT
3178040698123,Liquide vaisselle,Jebs,CLEANING_PRODUCT
3178041307031,Lessive en poudre XTRA,,LAUNDRY
3178041311526,Lessive,,CLEANING_PRODUCT
3178041312240,Liquide vaisselle,Mir,CLEANING_PRODUCT
3178041317870,Liquide vaisselle Mir 500 ml,,CLEANING_PRODUCT
3178041329293,L'Expert Duo-efficacité Gel détachant + Poudre avec Bicarbonate,Henkel,CLEANING_PRODUCT
3178041331241,Sensitive Lait d'Amande Douce & Marseille,Le Chat,LAUNDRY
3178041332910,Le CHAT,,CLEANING_PRODUCT
3178041334839,MIR FINI LE TRI,MIR,CLEANING_PRODUCT
3178041335720,Le chat l’expert jardin d’été,Le chat,CLEANING_PRODUCT
3178041342308,Le Chat Éco Sensitive,Le Chat,LAUNDRY
3178041352130,Le Chat Sensitive Aloe Vera & Marseille 4en1 Discs,Henkel,LAUNDRY
3178041356114,Liquide vaisselle,,CLEANING_PRODUCT
3178041358040,Total 4+1 Savon de Marseille & Aloe Vera,X-Tra,LAUNDRY
3178041358255,Total 4+1,X-Tra,LAUNDRY
3178041359641,Liquide vaisselle,MIR,CLEANING_PRODUCT
3178041360623,Sélection du monde Bora Bora Fleur de monoï & lait d'aloe,Super croix,LAUNDRY
3178041361774,Lessive liquide Sensitive,Le Chat,LAUNDRY
3178041363426,Lessive Poudre 4+1,X-tra,LAUNDRY
3178041363785,Lessive détachante fraîcheur d'été,Maison Verte,LAUNDRY
3178041364171,Lessive liquide,Xtra,LAUNDRY
3183940204725,Vinaigre Ménager 500 ML - Citron,,LAUNDRY
3183940209652,Vinaigre ménager,Ardéa,LAUNDRY
3183940304074,Vinaigre ménager 14°,onyx,LAUNDRY
3183940306320,Vinaigre ménager,,LAUNDRY
3215776103207,Eau bleue,Harpic,CLEANING_PRODUCT
3222471121481,Gel Wc Fraicheur marine,,LAUNDRY
3222471797860,liquide vaisselle peaux sensibles,casino,CLEANING_PRODUCT
3222475535222,liquide vaisselle désinfectant,,CLEANING_PRODUCT
3222475708947,Gel WC entretien canal Javel casino,,LAUNDRY
3222475947926,Liquide vaisselle,Casino,CLEANING_PRODUCT
3222476759399,Recharge Lessive liquide,Casino,LAUNDRY
3222477321359,Lessive liquide S.marseille casino,,LAUNDRY
3222477369030,Liquide vaisselle,,CLEANING_PRODUCT
3222477376748,adoucissant concentré,,LAUNDRY
3245411225728,Adoucissant,Carrefour,LAUNDRY
3245677723143,Liquide vaisselle Antibactérien,Auchan,CLEANING_PRODUCT
3245677723150,Liquide vaisselle Antiodeur bicarbonate de sodium,Auchan,CLEANING_PRODUCT
3245677723167,Liquide vaisselle vinaigre blanc,Auchan,CLEANING_PRODUCT
3245677723549,Lessive liquide parfum savon de Marseille,Auchan,LAUNDRY
3245677723556,Lessive liquide Expert Fraîcheur,Auchan,LAUNDRY
3245677724645,Liquide vaisselle ultra dégraissant,Auchan,CLEANING_PRODUCT
3245677724720,Liquide vaisselle Antiodeur bicarbonate de sodium,Auchan,CLEANING_PRODUCT
3245677724751,Blocs nettoyants puissants WC PIN,Auchan,CLEANING_PRODUCT
3245677724768,Blocs nettoyants puissants WC PIN,Auchan,CLEANING_PRODUCT
3245677724775,Blocs nettoyants puissants WC,Auchan,CLEANING_PRODUCT
3245677725482,Nettoyant parquets,Auchan,LAUNDRY
3245677725536,Nettoyant multi-surfaces,Auchan,LAUNDRY
3245677725574,Nettoyant multi-surfaces,Auchan,LAUNDRY
3245677725598,Nettoyant multi-surfaces,Auchan,LAUNDRY
3245677725635,Nettoyant multi-surfaces,Auchan,LAUNDRY
3245677725659,Gel WC Thym et Laurier,Auchan,LAUNDRY
3245677725727,Spray nettoyant vitres,Auchan,CLEANING_PRODUCT
3245677726465,Lessive liquide Expert Fraîcheur,Auchan,LAUNDRY
3245677726472,Auchan lessive liquide savon de marseille 37 doses 2l,Auchan,LAUNDRY
3245677726489,Auchan lessive liquide savon de marseille 55 doses 3l,Auchan,LAUNDRY
3245677726502,Lessive liquide Expert Fraîcheur,Auchan,LAUNDRY
3245678040775,Liquide vaisselle -super dégraissant verde 500mL FR,Auchan,CLEANING_PRODUCT
3245678040782,Liquide vaisselle - Super dégraissant citron FR PT,Auchan,CLEANING_PRODUCT
3245678040799,Liquide vaisselle peaux sensibles,Auchan,CLEANING_PRODUCT
3245678040812,Liquide vaisselle vinaigre de framboise,Auchan,CLEANING_PRODUCT
3245678040904,Eponge multi-usages,Auchan,CLEANING_PRODUCT
3245678060810,Auchan essentiel lessive liquide 37 doses 2l,Auchan Essentiel,LAUNDRY
3245678060827,Pouce lessive liquide 37 doses 2l,Pouce,LAUNDRY
3245678060834,AUCHAN LESSIVE LIQUIDE FRESH et CLEAN AIR DE PRINTEMPS 37 DOSES 2L,Auchan,LAUNDRY
3245678060896,AUCHAN LESSIVE LIQUIDE FRAIS et PARFUM SAVON DE MARSEILLE 37 DOSES 2L,Auchan,LAUNDRY
3245678060902,AUCHAN LESSIVE LIQUIDE FRESH et CLEAN AIR DE PRINTEMPS 55 DOSES 3L,Auchan,LAUNDRY
3245678060933,AUCHAN LESSIVE LIQUIDE FRAIS et PARFUM COLONIA 55 LAVAGES 3L,Auchan,LAUNDRY
3245678060940,AUCHAN LESSIVE LIQUIDE FRAIS et PARFUM SAVON DE MARSEILLE 55 DOSES 3L,Auchan,LAUNDRY
3245678075852,Auchan adoucissant liquide peaux sensibles 30 doses 750ml,Auchan,LAUNDRY
3245678078860,Liquide vaisselle - Agrumes Ecolabel,Auchan,CLEANING_PRODUCT
3245678078884,Liquide vaisselle -Peaux Sensibles Ecolabel 750mL,Auchan,CLEANING_PRODUCT
3245678112205,Spray nettoyant vitres,Auchan,CLEANING_PRODUCT
3245678126431,Adoucissant concentré,Auchan,LAUNDRY
3245678126448,Adoucissant concentré,Auchan,LAUNDRY
3245678126455,Adoucissant concentré,Auchan,LAUNDRY
3245678126493,Adoucissant concentré,Auchan,LAUNDRY
3245678126523,Adoucissant concentré,Auchan,LAUNDRY
3245678126585,Lessive liquide,Pouce,LAUNDRY
3245678126615,Lessive liquide Expert Fraîcheur,Auchan,LAUNDRY
3245678126639,Auchan lessive liquide savon de marseille 55 doses 3l,Auchan,LAUNDRY
3245678126646,Lessive liquide pivoine,Auchan,LAUNDRY
3245678126653,Lessive liquide Aloe vera,Auchan,LAUNDRY
3245678126660,Lessive liquide Aloe vera,Auchan,LAUNDRY
3245678126677,lessive Caraïbes,auchan,LAUNDRY
3245678126684,lessive fleur tropical,Auchan,LAUNDRY
3245678126707,Lessive liquide Expert Fraîcheur,Auchan,LAUNDRY
3245678126714,Lessive liquide sensitive,Auchan,LAUNDRY
3245678126721,Adoucissant concentré Caraibes,Auchan,LAUNDRY
3245678126738,Adoucissant concentré fleurs tropicales,Auchan,LAUNDRY
3245678126745,Adoucissant concentré Orient,Auchan,LAUNDRY
3245678131817,Liquide vaisselle peaux sensibles,Auchan,CLEANING_PRODUCT
3245678131848,Liquide vaisselle ultra dégraissant,Auchan,CLEANING_PRODUCT
3245678131862,Liquide vaisselle ecolabel basilic et laurier,Auchan,CLEANING_PRODUCT
3245678131893,Liquide vaisselle blue lagoon,Auchan,CLEANING_PRODUCT
3245678131954,Liquide vaisselle -super dégraissant,Auchan,CLEANING_PRODUCT
3245678131961,Liquide vaisselle dégraissant tropical,Auchan,CLEANING_PRODUCT
3245678131978,Liquide vaisselle - Super dégraissant,Auchan,CLEANING_PRODUCT
3245678131992,Liquide vaisselle - Super dégraissant citron 750mL HU RO PL,Auchan,CLEANING_PRODUCT
3245678132012,liquide vaisselle framboise,Auchan,CLEANING_PRODUCT
3245678132029,Liquide vaisselle - Super dégraissant pomme,Auchan,CLEANING_PRODUCT
3245678132036,Liquide vaisselle - Super dégraissant,Auchan,CLEANING_PRODUCT
3245678132043,Tablettes lave-vaisselle concentrées,Auchan,CLEANING_PRODUCT
3245678132067,Tablettes lave-vaisselle concentrées,Auchan,CLEANING_PRODUCT
3245678132074,Tablettes lave-vaisselle tout en un citron,Auchan,CLEANING_PRODUCT
3245678132098,Tablettes lave-vaisselle tout en 1,Auchan,CLEANING_PRODUCT
3245678132197,Tablettes lave-vaisselle tout en 1,Auchan,CLEANING_PRODUCT
3245678132203,Tablettes lave-vaisselle tout en un citron,Auchan,CLEANING_PRODUCT
3245678132227,Tablettes puissantes lave-vaisselle,Auchan,CLEANING_PRODUCT
3245678132302,Tampons à récurer,Auchan,CLEANING_PRODUCT
3245678132333,Eponge spéciale anti-graisse,Auchan,CLEANING_PRODUCT
3245678132340,Éponge multi-usages grattante,Auchan,CLEANING_PRODUCT
3245678132357,Éponge multi-usages grattante,Auchan,CLEANING_PRODUCT
3245678132364,Eponge Délicate,Auchan,CLEANING_PRODUCT
3245678132371,Eponge douce salle de bain,Auchan,CLEANING_PRODUCT
3245678132388,Eponge puissante,Auchan,CLEANING_PRODUCT
3245678132395,Eponges grattantes,Auchan,CLEANING_PRODUCT
3245678132432,Eponge multi-usages végétale,Auchan,CLEANING_PRODUCT
3245678132449,Eponge Gros travaux,Auchan,CLEANING_PRODUCT
3245678132838,Blocs solides WC nettoyants fraîcheur,Auchan,CLEANING_PRODUCT
3245678132852,Blocs solides WC nettoyants fraîcheur,Auchan,CLEANING_PRODUCT
3245678132876,Blocs nettoyants puissants WC Marine,Auchan,CLEANING_PRODUCT
3245678132883,Blocs nettoyants puissants WC Marine,Auchan,CLEANING_PRODUCT
3245678132906,Blocs nettoyants puissants WC Fleurs de nénuphar,Auchan,CLEANING_PRODUCT
3245678132968,Blocs solides WC nettoyants fraîcheur,Auchan,CLEANING_PRODUCT
3245678132982,Blocs solides WC actifs,Auchan,CLEANING_PRODUCT
3245678133040,Blocs WC fraîcheur chasse d'eau,Auchan,CLEANING_PRODUCT
3245678133576,Gants universels réutilisables,Auchan,CLEANING_PRODUCT
3245678133583,Gants universels réutilisables,Auchan,CLEANING_PRODUCT
3245678133590,Gants universels réutilisables,Auchan,CLEANING_PRODUCT
3245678133606,Gants Ultra-résistants réutilisables,Auchan,CLEANING_PRODUCT
3245678133613,Gants vaisselle réutilisables,Auchan,CLEANING_PRODUCT
3245678133620,Gants vaisselle réutilisables,Auchan,CLEANING_PRODUCT
3245678133637,Gants vaisselle réutilisables,Auchan,CLEANING_PRODUCT
3245678133644,Gants jetables,Auchan,CLEANING_PRODUCT
3245678133651,Gants jetables,Auchan,CLEANING_PRODUCT
3245678133668,Gants jetables,Auchan,CLEANING_PRODUCT
3245678133675,Gants jetables,Auchan,CLEANING_PRODUCT
3245678133682,Gants jetables sans latex,Auchan,CLEANING_PRODUCT
3245678133699,Gants jetables sans latex,Auchan,CLEANING_PRODUCT
3245678133705,Gants jetables sans latex,Auchan,CLEANING_PRODUCT
3245678141953,GEL WC AVEC JAVEL EUCALYPTUS 750ml,Auchan,LAUNDRY
3245678141984,Auchan wc power super detartrant 750ml,Auchan,CLEANING_PRODUCT
3245678142011,GEL WC AVEC JAVEL Agrumes 750ml,Auchan,LAUNDRY
3245678142196,Liquide vaisselle dégraissant plaisir d'orient,Auchan,CLEANING_PRODUCT
3245678159927,Spray nettoyant vitres,Pouce,CLEANING_PRODUCT
3245678160541,Spray nettoyant vitres,Pouce,CLEANING_PRODUCT
3245678160718,Auchan ultra shine détartrant salle de bain 500ml,Auchan,CLEANING_PRODUCT
3245678161302,"Auchan lessive liquide articles blanc 25 doses 1,5l",Auchan,LAUNDRY
3245678161319,"Auchan lessive liquide articles blanc 25 doses 1,5l",Auchan,LAUNDRY
3245678161401,"Auchan lessive liquide bébé 25 doses 1,5l",Auchan,LAUNDRY
3245678161432,Adoucissant Concentré 750mL,Auchan,LAUNDRY
3245678161913,AUCHAN ADOUCISSANT CONCENTRE SOFT et FRESH SPRING AIR 750ML,Auchan,LAUNDRY
3245678161920,AUCHAN ADOUCISSANT CONCENTRE DOUX et PARFUM FLEUR DE PECHE 30 DOSES 750ML,Auchan,LAUNDRY
3245678161999,AUCHAN ADOUCISSANT CONCENTRÉ DOUX et PARFUM FLEUR DE LAVANDE 80 DOSES 2L,Auchan,LAUNDRY
3245678162026,AUCHAN ADOUCISSANT CONCENTRE SOFT et FRESH SPRING AIR 80 DOSES 2L,Auchan,LAUNDRY
3245678162033,Auchan adoucissant concentre,Auchan,LAUNDRY
3245678162040,Auchan adoucissant concentre,Auchan,LAUNDRY
3245678162101,Auchan activ clean détachant lessive blanche poudre 1kg,Auchan,LAUNDRY
3245678162873,Nettoyant multi surface avec javel,Pouce,CLEANING_PRODUCT
3245678668320,Éponge de mer naturelle,Cosmia,CLEANING_PRODUCT
3245678709511,Lessive liquide sensitive,Auchan,LAUNDRY
3245678709887,Nettoyant multi surface avec javel,Pouce,CLEANING_PRODUCT
3250390449393,Pastille Javel Dose x 48 trés bon pour la santé,Apta,BLEACH
3250390544555,Apta Gel wc Activ Marine,Apta,LAUNDRY
3250390841838,Apta WC Activ' Lavande,Apta,CLEANING_PRODUCT
3250391255290,Apta Gel wc x Trem Power,Apta,LAUNDRY
3250391360949,Détartrant universel,Apta Sélection InterMarché,CLEANING_PRODUCT
3250391487820,Apta Liquide Vaisselle Activ Frisson Citron 1,Apta,CLEANING_PRODUCT
3250391532063,liquide vaisselle ecolabel peaux sensibles,Apta,CLEANING_PRODUCT
3250391831715,Liquide vaisselle action dégraissant,Netto,CLEANING_PRODUCT
3250392206031,liquide vaisselle,Netto,CLEANING_PRODUCT
3250392402938,Éponges grattantes Netto,Netto,CLEANING_PRODUCT
3250392701055,Liquide vaisselle fraîcheur florale,Apta,CLEANING_PRODUCT
3250392791858,Lessive EcoLabel,Apta,LAUNDRY
3250392924744,Savon de Marseille,Apta,LAUNDRY
3256220291873,liquide vaisselle parfum citron,U nature,CLEANING_PRODUCT
3256220291897,Liquide vaisselle - peaux sensibles,Système U,CLEANING_PRODUCT
3256220416313,Liquide vaisselle DÉGRAISSANT,,CLEANING_PRODUCT
3256220497480,Liquide veisselle,U,CLEANING_PRODUCT
3256220765190,liquide vaisselle,U,CLEANING_PRODUCT
3256221869156,Bloc WC Javel,U,CLEANING_PRODUCT
3256222251851,Lessive liquide savon de Marseille concentrée,U,LAUNDRY
3256222990323,Tampon Sur Eponge Verte U X6,,CLEANING_PRODUCT
3256224068150,Essuie-tout blanc compact,U,CLEANING_PRODUCT
3256224374756,Gel WC Agrumes,U,LAUNDRY
3256224761273,Lessive dose liquide,U nature,LAUNDRY
3256224766087,Gel WC,,LAUNDRY
3256225166008,Javel en pastilles,Utile,BLEACH
3256225432820,Liquide vaisselle,,CLEANING_PRODUCT
3256226765231,lessive savon de Marseille,Super U,CLEANING_PRODUCT
3256227029431,Lessive liquide savon de Marseille,U,LAUNDRY
3256227446955,Liquide vaisselle,,CLEANING_PRODUCT
3256227744518,paire de gants Uktra-Resistants,Super U,CLEANING_PRODUCT
3256227748721,Lessive liquide savon de Marseille,U,LAUNDRY
3256227758492,Liquide vaisselle U Nature,,CLEANING_PRODUCT
3256227892349,Liquide vaisselle,,CLEANING_PRODUCT
3256227892417,Liquide vaisselle degraissant,Super u,CLEANING_PRODUCT
3256227892448,Liquide vaisselle,,CLEANING_PRODUCT
3256228434050,Vinaigre ménager,U,LAUNDRY
3256228440686,Lessive liquide magnolia-lys,U,LAUNDRY
3256228440709,Lessive liquide,U,LAUNDRY
3256228678089,Vinaigre ménager 14°,U Nature,LAUNDRY
3257983903775,Gel WC Javel,,LAUNDRY
3257984013275,gel WC,,LAUNDRY
3257986631569,Liquide vaisselle,,CLEANING_PRODUCT
3258561500645,appelle France liquide désinfectant vaisselle,Belle France,CLEANING_PRODUCT
3258561510156,gel WC,Belle France,LAUNDRY
3258561510903,Éponge,,CLEANING_PRODUCT
3263854046434,Savon de Marseille,Leaderprice,CLEANING_PRODUCT
3263854046496,Lessive liquide,,LAUNDRY
3263854046823,Lessive liquide,Leader Price,LAUNDRY
3263854088090,liquide vaisselle citron verveine,Leader Price,CLEANING_PRODUCT
3263854169270,gel wc,Leader Price,CLEANING_PRODUCT
3266191065694,Liquide vaisselle,Ecoclair,LAUNDRY
3270190928355,Gants PVC doubles coton,,CLEANING_PRODUCT
3273680128990,Liquide vaisselle evologique,,CLEANING_PRODUCT
3276552684280,Voile Sèche Linge Grand Air,Soupline,LAUNDRY
3334961006137,Liquide vaisselle,,CLEANING_PRODUCT
3346020034968,WC NET ENERGY DÉTARTRANT GEL,WC NET,CLEANING_PRODUCT
3346020044066,Lessive liquide,Winni’s,LAUNDRY
3346027788376,WC Net Energy Javel Gel,,LAUNDRY
3346027794698,Wc net,,CLEANING_PRODUCT
3346027794704,Détartrant parfumé Energy,WC NET,CLEANING_PRODUCT
3346027794711,WC net natural power détartrant,WC NET,CLEANING_PRODUCT
3346027796685,WC NET à la Javel fraîcheur agrume et iris,WC NET,CLEANING_PRODUCT
3346028787453,WC NET Intense gel,WC net,LAUNDRY
3346028787460,Détartrant Wc - Huiles Essentielles,,CLEANING_PRODUCT
3346029989429,Carolin Ultra Dégraissant,Carolin,CLEANING_PRODUCT
3350031459405,Sel régénérant lave-vaisselle,Monoprix,CLEANING_PRODUCT
3350031853760,Liquide vaisselle concentré peaux sensibles,,CLEANING_PRODUCT
3350033317956,Liquide vaisselle,Monoprix,CLEANING_PRODUCT
3350033594289,lessive liquide concentrée monoprix,monoprix,LAUNDRY
3350033594319,Liquide vaisselle concentré,Monoprix,CLEANING_PRODUCT
3350033793507,Vinaigre blanc ménager,Monoprix,LAUNDRY
3350033876651,Lessive,Monoprix,LAUNDRY
3357560100662,gala,liquide vaisselle,CLEANING_PRODUCT
3357568400153,Liquide vaisselle citron,,CLEANING_PRODUCT
3365000006634,starwax détartrant surpuissant,Starwax,CLEANING_PRODUCT
3380390900751,Liquide vaisselle douceur,Ecodoo,CLEANING_PRODUCT
3383482304468,Ma lessive au savon noir détachante,Briochin,LAUNDRY
3383482306783,La lessive peaux sensibles,Jacques Briochin,LAUNDRY
3384121960182,Éponges grattantes,,CLEANING_PRODUCT
3384123096506,Éponge grattante,,CLEANING_PRODUCT
3384123096735,Combinés gratte eponge anti bacterienne,,CLEANING_PRODUCT
3384126001040,Eponge Zero Effort,Spontex,CLEANING_PRODUCT
3384126003136,Gratte eponge,,CLEANING_PRODUCT
3439496810195,"Essuie-tout, 4x 48 Feuilles 4 Rouleaux",,CLEANING_PRODUCT
3441710213033,Liquide vaisselle ecologique,,CLEANING_PRODUCT
3450601013997,Lessive au savon végétal,,CLEANING_PRODUCT
3450601022173,Liquide vaisselle citron,L'Arbre Vert,CLEANING_PRODUCT
3450601028571,lessive brise hivernale,l'arbre vert,CLEANING_PRODUCT
3450601028618,Adoucissant concentré éveil floral,L'arbre vert,LAUNDRY
3450601028694,Adoucissant concentré,Arbre Vert,LAUNDRY
3450601031731,Lessive au savon végétal,L'arbre vert,LAUNDRY
3450601046254,Lessive liquide,L'arbre vert,LAUNDRY
3450601046339,Savon Vegetal,L'Arbre Vert,LAUNDRY
3450601046353,Lessive liquide - savon végétal,L’Arbre Vert,LAUNDRY
3450601046377,Lessive liquide au savon végétal l'arbre vert,L'arbre vert,LAUNDRY
3450601046995,Peaux Sensibles,L'Arbre Vert,LAUNDRY
3450601047039,Vaisselle main,L'arbre Vert,CLEANING_PRODUCT
3450970000543,3 blocs WC Antitartre,,CLEANING_PRODUCT
3450970024501,Sel Regenerant,Eco+,CLEANING_PRODUCT
3450970084468,Gel WC avec Javel,Eco+,CLEANING_PRODUCT
3450970156233,Essui-tout compact,Eco+,CLEANING_PRODUCT
3450970167215,"Lessive poudre ECO+ - 3,3Kg / 60 lavages",Eco+,CLEANING_PRODUCT
3450971449624,Éponges grattantes,Eco+,CLEANING_PRODUCT
3489940036022,Entretien / Entretien Des WC / Détartrant WC,,CLEANING_PRODUCT
3489940036084,Liquide vaisselle concentré,,CLEANING_PRODUCT
3489940081015,Entretien / Produits Vaisselle / Liquide Vaisselle,,CLEANING_PRODUCT
3489940890013,Green laveur  liquide vaisselle concentré,,CLEANING_PRODUCT
3517360000542,"Tablettes Lave- Vaisselle, à L'oxygène Actif",,CLEANING_PRODUCT
3517360000559,Liquide De Rinçage Pour lave vaisselle . biovie,,CLEANING_PRODUCT
3517360003789,Vinaigre ménager 12°,Biovie - Léa Nature,LAUNDRY
3517360005912,Lessive concentrée,Biovie,CLEANING_PRODUCT
3517360013689,"Vinaigre Ménager 20 &deg;, Eucalyptus, Eco-recharge",,LAUNDRY
3517360017908,biovie,Léa Nature,LAUNDRY
3519590252265,Liquide vaisselle,,CLEANING_PRODUCT
3520830240041,Éponge grattante surfaces délicates x2,Maison Pinson,CLEANING_PRODUCT
3523680087378,Sel régénérant,Champion,CLEANING_PRODUCT
3538390000791,Liquide vaisselle citron,,CLEANING_PRODUCT
3538390001101,vaisselle main,etamine,CLEANING_PRODUCT
3538390001217,Liquide vaisselle hypo allergénique,Etamine,CLEANING_PRODUCT
3538394911307,Sel régénérant,Etamine du lys,CLEANING_PRODUCT
3538395235501,Gel lave vaisselle,Étamine du lys,CLEANING_PRODUCT
3543534965317,balayette,,CLEANING_PRODUCT
3560070153176,bloc WC,Carrefour,CLEANING_PRODUCT
3560070513024,Lessive Liquide Couleur,Carrefour,LAUNDRY
3560070611362,Liquide Vaisselle Ultra Dégraissant,,CLEANING_PRODUCT
3560070803439,Lessive Liquide Waschmittel Flüssig Mit Marseille Duft,Carrefour,LAUNDRY
3560070958573,Carrefour ECO planet tablettes lave-vaisselle,,CLEANING_PRODUCT
3560071011734,Liquide vaisselle gout pomme,,CLEANING_PRODUCT
3560071084790,Double Bloc WC Citron vert carrefour,Carrefour,CLEANING_PRODUCT
3560071096830,Déboucheur WC en gel,Carrefour,LAUNDRY
3560071151157,Liquide vaisselle,Carrefour,CLEANING_PRODUCT
3560071155209,ECO PLANET,carrefour,CLEANING_PRODUCT
3560071161422,Pastilles de Javel,Carrefour,BLEACH
3560071162467,Sel regenerant,Carrefour,CLEANING_PRODUCT
3560071193881,WC javel,Carrefour,LAUNDRY
3560071193911,750ML GEL JAV WC PIN/EUCA.CRFE,Carrefour,LAUNDRY
3560071197292,liquide vaisselle eco planète,Carrefour,CLEANING_PRODUCT
3560071222116,Eco Planet Gel WC Eucalyptus,Carrefour,LAUNDRY
3560071241001,Liquide Vaisselle au Vinaigre de Fruits Pamplemousse,Carrefour,CLEANING_PRODUCT
3560071241896,Lessive liquide,Simpl,LAUNDRY
3560071269524,Essuie-tout,Carrefour,CLEANING_PRODUCT
3561866421387,Éponge magiqueX3,Je cherche une idée ménage,CLEANING_PRODUCT
3564700014974,Eponges Multi-usages,Mamison,CLEANING_PRODUCT
3564700028520,Javel Pastilles,,BLEACH
3564700345993,Essuie-tout Supet Absorbant,Marque Repère,CLEANING_PRODUCT
3564700403099,"Essuie-tout Blanc, Maxi-rouleaux, Par 2, Marque Mimosa",Mimosa,CLEANING_PRODUCT
3564700428023,Gel WC Javel Effect Fraîcheur agrumes,Syphon,CLEANING_PRODUCT
3564700428269,Sel régénérant,Marque Repère,CLEANING_PRODUCT
3564700442845,Tablettes lave vaisselle,,CLEANING_PRODUCT
3564700442883,liquide vaisselle,univert,CLEANING_PRODUCT
3564700465356,Essuie-tout compact écologique,Marque Repère - UniVert,CLEANING_PRODUCT
3564700604595,Adoucissant Rêve de fraîcheur,Hyperdou,LAUNDRY
3564700671191,Eponges végétales fibres recyclees,,CLEANING_PRODUCT
3564700750094,Essuie-tout,Mimosa,CLEANING_PRODUCT
3564700753248,liquide vaisselle concentré,Marque Repère,CLEANING_PRODUCT
3564700772416,Gel de Lavage Classique,Visior,CLEANING_PRODUCT
3564700782187,Perfect Main Poudre Express,Epsil,LAUNDRY
3564700809853,Pastilles Javel,Marque Repère,BLEACH
3564700848289,Essuie-tout SuperAbsorbant,Mimosa,CLEANING_PRODUCT
3564700848326,Essuie-tout,,CLEANING_PRODUCT
3564706521179,Essuie-tout,Marque Repère,CLEANING_PRODUCT
3564706528086,VISIOR fruits exotiques & sens minéraux,Marque Repère,CLEANING_PRODUCT
3564706528123,Visior antibactérien ultra dégraissant,Marque Repère,CLEANING_PRODUCT
3564706528437,Liquide vaisselle concentré Uni Vert,,CLEANING_PRODUCT
3564706534292,lessive hypoallergénique,Epsil perfect,CLEANING_PRODUCT
3564706534735,Xéor,Marque Repère,CLEANING_PRODUCT
3564706535015,xeor lessive,repère,CLEANING_PRODUCT
3564706537095,Lessive liquide,Uni Vert,LAUNDRY
3564706543263,Tablettes lave-vaisselle concentrées classiques,Uni Vert,CLEANING_PRODUCT
3564706551657,Adoucissant concentré Rosée du matin,Hyperdou,LAUNDRY
3564706551732,Adoucissant concentré Passion tropicale,Hyperdou,LAUNDRY
3564706608054,Désinfectant Désodorisant Chaussures,La Vachette,CLEANING_PRODUCT
3564706620971,Epsil Perfect,Marque Repère,CLEANING_PRODUCT
3564706667457,Lessive liquide concentrée,Uni vert,LAUNDRY
3596710009312,Gel WC parfum marine,Auchan,LAUNDRY
3596710034796,Eau de javel diluée 2.6% de chlore actif.,Auchan,BLEACH
3596710034802,Eau de Javel diluée eucalyptus* 2.6% de chlore actif,Auchan,BLEACH
3596710057528,Eau de Javel 2.6% de chlore actif,Pouce,BLEACH
3596710102723,Eau de Javel à diluer avant emploi - 4.8% de chlore actif au conditionnement,Pouce,BLEACH
3596710118250,Sel régénérant lave-vaisselle,Auchan,CLEANING_PRODUCT
3596710295999,Auchan environnement gel wc detartrant menthe 750 ml,Auchan,LAUNDRY
3596710296118,Nettoyant multi surfaces,,CLEANING_PRODUCT
3596710320073,Auchan Pastilles javel std X 52,Auchan,BLEACH
3596710320486,Eau de javel diluée agrumes* 2.6% de chlore actif.,Auchan,BLEACH
3596710330874,AUCHAN Pastilles javel eucalyptus** X 44,Auchan,BLEACH
3596710336869,Gel WC Javel,Pouce,LAUNDRY
3596710352265,Gel WC parfum pin,Auchan,LAUNDRY
3596710360802,Gel WC,Pouce,LAUNDRY
3596710362202,lessive lessive savon de Marseille,Auchan,CLEANING_PRODUCT
3596710379781,Eau de Javel à diluer avant emploi - 4.8% de chlore actif au condtionnement,Auchan,BLEACH
3596710383634,Gants de ménage réutilisables,Pouce,CLEANING_PRODUCT
3596710383641,Gants de ménage réutilisables,Pouce,CLEANING_PRODUCT
3596710383658,Gants vinyle sans poudre,Pouce,CLEANING_PRODUCT
3596710389711,Eau de javel diluée 2.6% de chlore actif.,Auchan,BLEACH
3596710412518,Eau de javel diluée à 2.6% de chlore actif.,Auchan,BLEACH
3596710441075,Liquide vaisselle super dégraissant citron,,CLEANING_PRODUCT
3596710441105,Liquide vaisselle parfum citron,Auchan,CLEANING_PRODUCT
3596710442294,Pouce eponge grattantes tricouche x3,Auchan,CLEANING_PRODUCT
3596710444540,Liquide vaisselle au vinaigre - parfum framboise,Auchan,LAUNDRY
3596710448999,Sel régénérant Lave-vaisselle,Pouce,CLEANING_PRODUCT
3596710449002,Blocs wc citron,Pouce,CLEANING_PRODUCT
3596710478347,"Essuie-tout classique, 2 plis",Auchan,CLEANING_PRODUCT
3596710478354,"Essuie-tout compact, 2 plis",Auchan,CLEANING_PRODUCT
3596710478361,"Essuie-tout compact décoré, 2 plis",Auchan,CLEANING_PRODUCT
3596710478385,"Bobine essuie-tout, 2 plis",Auchan,CLEANING_PRODUCT
3596710478392,Essuie-tout 2 plis,Auchan,CLEANING_PRODUCT
3596710478408,Essuie-tout compact,Auchan,CLEANING_PRODUCT
3596710478415,"Essuie-tout classique, 2 plis",Auchan,CLEANING_PRODUCT
3596710478422,"Essuie-tout compact, 2 plis",Auchan,CLEANING_PRODUCT
3596710478682,Bloc WC Mieux Vivre Environnement,Auchan,CLEANING_PRODUCT
3596710480548,Pouce liquide vaisselle citron 750 ml,Pouce,CLEANING_PRODUCT
3596710493456,Bobine essuie-tout recyclé 2 plis,Auchan,CLEANING_PRODUCT
3596710497409,Vinaigre ménager 12°,Auchan,LAUNDRY
3596710497416,Vinaigre ménager 12° parfum citron,Auchan,LAUNDRY
3596710497423,Vinaigre ménager 10° parfum citron,Auchan,LAUNDRY
3596710497430,Vinaigre ménager 12°,Auchan,LAUNDRY
3596710507962,Tablettes lave-vaisselle,Pouce,CLEANING_PRODUCT
3596710510283,Vinaigre ménager 20°,Auchan,LAUNDRY
3596710512454,Adoucissant recharge concentré pêche du soleil,Auchan,LAUNDRY
3596710512461,Adoucissant Recharge Concentré Fraîcheur pure,Auchan,LAUNDRY
3596710513031,Tablettes lave vaisselle classiques,Auchan,CLEANING_PRODUCT
3596710513055,Tablettes lave vaisselle classiques,Auchan,CLEANING_PRODUCT
3596710513062,Tablettes lave-vaisselle tout en un citron,Auchan,CLEANING_PRODUCT
3596710513093,Tablettes lave-vaisselle tout en 1,Auchan,CLEANING_PRODUCT
3596710513116,Tablette lave-vaisselle,Auchan,CLEANING_PRODUCT
3596710513154,Pastilles javel std X 48,Auchan,BLEACH
3596710513161,Pastilles javel eucalyptus** X 48,Auchan,BLEACH
3596710513628,Tablettes puissantes lave-vaisselle,Auchan,CLEANING_PRODUCT
3596710513635,Tablettes puissantes lave vaisselle,Auchan,CLEANING_PRODUCT
3596710514489,Eponge Konjac,Cosmia,CLEANING_PRODUCT
3596710514502,Blocs wc citron,Pouce,CLEANING_PRODUCT
3596710517565,Liquide vaisselle,Pouce,CLEANING_PRODUCT
3596710519095,"Essuie-tout compact, 2 plis",Auchan,CLEANING_PRODUCT
3596710519910,Auchan liquide vaisselle vinaigre de pomme 750ml,Auchan,CLEANING_PRODUCT
3596710520169,Lessive capsules 2 en 1,Auchan,LAUNDRY
3596710520251,Lessive capsules 2 en 1,Auchan,LAUNDRY
3596710521050,Nettoyant multi-surfaces,Auchan,LAUNDRY
3596710521067,Nettoyant multi-surfaces,Auchan,LAUNDRY
3596710521081,Nettoyant Multi-surfaces Fraîcheur,Auchan,LAUNDRY
3596710522514,Auchan life liquide vaisselle zéro sans colorant 750ml,Auchan,CLEANING_PRODUCT
3596710526130,Auchan life lessive caps ecolabel 20pcs,Auchan,CLEANING_PRODUCT
3596710527052,Nettoyant multi-surfaces,Auchan,LAUNDRY
3596710527083,Auchan life spray vitres 750ml,Auchan,CLEANING_PRODUCT
3596710527748,Essuie-tout 2 plis,Auchan,CLEANING_PRODUCT
3596710532865,Dépoussiérant antistatique multi-surfaces,Auchan,LAUNDRY
3596710532889,Nettoyant multi-surfaces au savon noir Fleur d'Oranger,Auchan,LAUNDRY
3596710532896,Nettoyant multi-surfaces,Auchan,LAUNDRY
3596710532902,Nettoyant multi-surfaces,Auchan,LAUNDRY
3596710533404,Blocs solides WC nettoyants fraîcheur,Auchan,CLEANING_PRODUCT
3596710533428,Blocs solides WC nettoyants fraîcheur,Auchan,CLEANING_PRODUCT
3596710533435,Blocs nettoyants puissants WC Fraîcheur Marine,Auchan,CLEANING_PRODUCT
3596710533459,Blocs nettoyants puissants WC Fleur de nénuphar,Auchan,CLEANING_PRODUCT
3596710533497,Blocs WC fraîcheur chasse d'eau,Auchan,CLEANING_PRODUCT
3596710533510,Blocs solides WC actifs,Auchan,CLEANING_PRODUCT
3596710533527,Blocs solides WC nettoyants fraîcheur,Auchan,CLEANING_PRODUCT
3596710533534,Auchan wc power super detartrant 750ml,Auchan,CLEANING_PRODUCT
3596710533633,Gel WC Marine,Auchan,LAUNDRY
3596710533893,"Essuie-tout compact, décoré, 2 plis",Auchan,CLEANING_PRODUCT
3596710534647,Blocs nettoyants puissants WC,Auchan,CLEANING_PRODUCT
3596710534685,Blocs nettoyants puissants WC Violette poudrée,Auchan,CLEANING_PRODUCT
3596710534692,Blocs nettoyants puissants WC MAGNIOLA,Auchan,CLEANING_PRODUCT
3596710535644,Auchan poudre détachante tous textiles,Auchan,LAUNDRY
3596710538638,Adoucissant concentré,Auchan,LAUNDRY
3596710543496,Spray nettoyant vitres,Auchan,CLEANING_PRODUCT
3596710544868,Tablettes lave vaisselle ultra power,Auchan,CLEANING_PRODUCT
3596710545810,Dépoussiérant antistatique multi-surfaces,Auchan,LAUNDRY
3596710550210,Liquide vaisselle citron 500ml,Pouce,CLEANING_PRODUCT
3596710550227,Nettoyant Multi-surfaces,Pouce,LAUNDRY
3596710556526,Pastilles javel eucalyptus** X 48,Auchan,BLEACH
3596710556533,Pastilles de Javel,Auchan,BLEACH
3597610240386,SURFA'SAFE,ANIOS Laboratoires,LAUNDRY
3660992012695,Lessive liquide,Prix Mini,LAUNDRY
3660992016051,Liquide vaisselle Citron,Prix Mini,CLEANING_PRODUCT
3660992016068,Liquide vaisselle Pomme,Prix Mini,CLEANING_PRODUCT
3660992016075,Liquide vaisselle Fruits Rouges,Prix Mini,CLEANING_PRODUCT
3663062002619,boule de lavage du linge avec billes céramiques.,CBSstock,CLEANING_PRODUCT
3663518178219,liquide vaisselle mains,body nature,CLEANING_PRODUCT
3665468501536,Power Aroma 10X,Harpic,CLEANING_PRODUCT
3665468601182,Saint marc a l'acide citrique,Saint marc,CLEANING_PRODUCT
3665468601236,Javel Multi-usages,St Marc,BLEACH
3665468601281,St Marc sans javel antibacterien,St Marc,CLEANING_PRODUCT
3700143609210,Liquide vaisselle,,CLEANING_PRODUCT
3700147255000,Sel régénérant,Bulle verte,CLEANING_PRODUCT
3700311867862,Liquide vaisselle citron,Tous les jours,CLEANING_PRODUCT
3700311867879,Liquide vaisselle citron,,CLEANING_PRODUCT
3700505800132,liquide vaisselle main,écu vert,CLEANING_PRODUCT
3700593603639,Lessive hypoallergénique Peaux Sensibles Bébé à l'extrait d'amande douce,Persavon,LAUNDRY
3700593603783,persavon,persavon,CLEANING_PRODUCT
3700684700032,Désinfectant nettoyant,You,LAUNDRY
3700980080012,éponge Multifonctions - Scrub Daddy - Scrub Daddy,,CLEANING_PRODUCT
3700992600963,Liquide vaisselle,,CLEANING_PRODUCT
3700992601908,liquide vaisselle 0% hypoallergenique,maison verte,CLEANING_PRODUCT
3700992606460,You liquide vaisselle main,,CLEANING_PRODUCT
3700992606491,Lessive YOU,Swania,CLEANING_PRODUCT
3700992608082,Liquide vaisselle BIO aux huiles essentielles,,CLEANING_PRODUCT
3700992608464,You,You,CLEANING_PRODUCT
3700992608594,assouplissant,maison verte bio,CLEANING_PRODUCT
3701300500135,LIQUIDE VAISSELLE CITRON FRAIS,,CLEANING_PRODUCT
3760061170162,Gants Vinyle S,,CLEANING_PRODUCT
3760077612083,lessive poudré lavandin,3 Abeilles,CLEANING_PRODUCT
3760121210166,Liquide vaisselle,Biocoop,CLEANING_PRODUCT
3760121210630,Gel wc,Biocoop,CLEANING_PRODUCT
3760138833129,Éponges grattantes écologiques,la droguerie écologique,CLEANING_PRODUCT
3760138844101,Éponges grattantes Coques de fruits,La droguerie écologique,CLEANING_PRODUCT
3760162121728,Savon détachant à la terre des sommières,Laboratoire MKL Green Nature,LAUNDRY
3760313230002,Lessive clean & efficace,Spring,CLEANING_PRODUCT
3770013181030,Liquide vaisselle,,CLEANING_PRODUCT
4000196122544,Noir,burti,CLEANING_PRODUCT
4000602008905,Galarkor F8,Dr. Becher,CLEANING_PRODUCT
4000735371617,Küchentücher 3-lagig,K-classic,LAUNDRY
4000869061286,Hygiene-Waschmaschinen-Pflege,ORO,LAUNDRY
4001499921506,aloe véranda sensitiv- waschmittel,frosch,LAUNDRY
4001499921629,Holzreiniger,Frosch,LAUNDRY
4001499960147,Bunt-Waschpulver Granatapfel,Frosch,CLEANING_PRODUCT
4002448126478,Oxi Action Multi-Flecken Color,Vanish,LAUNDRY
4002448138822,6in1 WC Duft & Farbspüler Ozean Frisch,Cillit Bang,LAUNDRY
4004617552408,TopTex 2er-Set Eimer rund,Gerhard Haas,CLEANING_PRODUCT
4006508109500,Liquide anti calcaire,Melitta,CLEANING_PRODUCT
4006508192632,Détartrant poudre,Melitta,CLEANING_PRODUCT
4006539028184,F100 Fahrradreiniger,Dr. Wack,LAUNDRY
4007547306400,Geschirrspülmittel Calendula,Sonett,LAUNDRY
4008455002149,Gallseife Flecken-Bürste,Dr. Beckmann,LAUNDRY
4008455004075,Fleckenteufel Stifte & Tinte,Dr. Beckmann,LAUNDRY
4008455061511,Farb & Schmutzfänger,,CLEANING_PRODUCT
4008455611419,Adoucissant en feuilles,Beckmann,LAUNDRY
4008956371249,Allzweckreiniger,KAWE Allzweckreiniger citro,LAUNDRY
4009175114068,Liquide vaisselle écologique super dégraissant citron vert,,CLEANING_PRODUCT
4009175917010,Entretien / Entretien Des WC / Gel Nettoyant WC,,LAUNDRY
4009175922618,rainett tablettes lave vaisselle,ecolabel,CLEANING_PRODUCT
4009175927200,Lessive liquide concentrée Savon de Marseille authentique,Rainett,LAUNDRY
4009175927217,Lessive liquide concentrée Aloé vera,Rainett,LAUNDRY
4009175935281,rainett,raine,LAUNDRY
4009175937933,Liquide vaisselle Aloe vera,Rainett,CLEANING_PRODUCT
4009175939067,Liquide vaisselle super dégraissant Citron,Rainett,CLEANING_PRODUCT
4009175945785,Liquide vaisselle,Frosch,CLEANING_PRODUCT
4009175953063,rainett aloe Vera lessive liquide,rainett,LAUNDRY
4009175962959,lessive liquide savon de Marseille,Rainett,LAUNDRY
4009412310123,Haushaltsschwamm,ana,CLEANING_PRODUCT
4010355485632,Klarspüler,Denkmit,LAUNDRY
4010355487285,Desinfektions spray,Denkmit dm,CLEANING_PRODUCT
4015000968331,Spee Megaperls Color Multi Aktiv,Henkel,CLEANING_PRODUCT
4015000970044,Weiss & Faser Perwoll,Henkel,CLEANING_PRODUCT
4015000971157,Bref Power gegen Kalk & Schmutz,Bref,LAUNDRY
4015000971737,Weißer Riese Color Duo-Caps Aromatherapie Orchidee & Sandelholz,Henkel,CLEANING_PRODUCT
4015200035789,Professional Color 4in1 Discs,Persil,CLEANING_PRODUCT
4015400863540,Sensitive,Ariel,LAUNDRY
4015400902027,Savon Marseille,Ariel,LAUNDRY
4015400961123,Adoucissant,,LAUNDRY
4015400974888,Parfumelle Divine Envie,Lenor,LAUNDRY
4023103126251,Lint Roller,Vileda,LAUNDRY
4023103178526,Spugna Aqua Classic,Vileda,CLEANING_PRODUCT
4036421299439,Grünbelagentferner,beko,LAUNDRY
4046136154138,WPC+BPC Spezialreiniger,IWETEC,LAUNDRY
4046719930906,éponge ultra coloré ne raye pas,,CLEANING_PRODUCT
4052400033566,Reine Citronensäure,Brauns-Heitmann,LAUNDRY
4056489044352,Detergente,Formil,LAUNDRY
4056489215998,Formil,Lidl,CLEANING_PRODUCT
4056489226086,Liquide vaisselle w5 pomme*,,CLEANING_PRODUCT
4056489226567,Liquide vaisselle,,CLEANING_PRODUCT
4056489226574,Liquide vaisselle,,CLEANING_PRODUCT
4056489226581,Eau de javel,,BLEACH
4056489262824,Non-bio detergent caps,Formil,LAUNDRY
4056489279136,Formil liquid detergent,Formil,LAUNDRY
4056489319894,Suavizante concentrado azul,Doussy,LAUNDRY
4056489329381,Liquide vaisselle aloe vera,W5,CLEANING_PRODUCT
4056489498247,Basic Lessive Universal,Formil,LAUNDRY
4056489498254,Basic Lessive Couleurs,Formil,LAUNDRY
4056489726661,W5 liquide vaisselle,,CLEANING_PRODUCT
4056489733881,Liquide vaisselle,W5,CLEANING_PRODUCT
4056489738435,"Liquide vaisselle, hypoallergénique",Lidl,CLEANING_PRODUCT
4056489764250,Liquide vaisselle,W5,CLEANING_PRODUCT
4061459899887,All-in-one Tabs,Power Force,CLEANING_PRODUCT
4061461304027,Geschirr-Reiniger-Tabs,PowerForce,CLEANING_PRODUCT
4061462654213,Klarspüler,Power Force,CLEANING_PRODUCT
4061464664630,Klarspüler,Tandil,CLEANING_PRODUCT
4061464787940,Alio,Aldi,LAUNDRY
4061464980068,Geschirr-Reiniger-Tabs classic,,CLEANING_PRODUCT
4061746503282,Bonus,Bonus,CLEANING_PRODUCT
4062196082839,Reine Soda,Heitmann,LAUNDRY
4062196354745,Reine Soda,Heitmann,LAUNDRY
4062196355216,Reine Citronensäure,Heitmann,LAUNDRY
4066447437171,Detergent vase Pro Climate,dm,LAUNDRY
4066447771480,Geschirrreiniger Mulit-Power Revolution,Denk mit,CLEANING_PRODUCT
4066447789355,Geschirrspül-Pulver Classic Power,Denkmit,CLEANING_PRODUCT
4066447789621,Feuchte Allzwecktücher Granatapfel,Denkmit,CLEANING_PRODUCT
4066447789904,Schmierseife,Denk mit,LAUNDRY
4066447789997,Möbelpflege & Staub-Stopp,Denk mit,CLEANING_PRODUCT
4066447791211,Weichspuler,Denk mit,LAUNDRY
4066447791570,Rohrreiniger Granulat Kraft-Formel,dm,LAUNDRY
4066447791594,WC Tabs (3-Fach-Power),Denkmit,CLEANING_PRODUCT
4066447791631,Waschmaschinen Pflege Reiniger,Denk mit,CLEANING_PRODUCT
4067796212440,Spülmittelspender mit Spülschwamm,dm Profissimo,CLEANING_PRODUCT
4068134123503,Wäsche-Schwarz,domol,CLEANING_PRODUCT
4068706642890,Seau,HOME CREATION,CLEANING_PRODUCT
4068947006093,Wundertuch,Tchibo,LAUNDRY
4084500407633,Swiffer Duster Staubmagnet Test Kit,Swiffer,LAUNDRY
4084500909793,liquide vaisselle clean & fresh orange,dreft,CLEANING_PRODUCT
40874517,Antibacterial Multi-surface Wipes,Lidl,LAUNDRY
4088500123456,tandil japon,tandil,CLEANING_PRODUCT
41164490000699,Multi-surface concentrate,,LAUNDRY
4251758408518,Cillit Bang Kalk & Schmutz,Cillit,LAUNDRY
4251758410900,Calgon Power Tabs 4 in 1,RB Hygiene Home Deutschland,CLEANING_PRODUCT
4262551720134,Orangenölreiniger Cleany,InovaTec,LAUNDRY
4305615226958,WC-Duftspüler,domol,CLEANING_PRODUCT
4305615358451,domol Black,domol,LAUNDRY
4305615834900,Color-Waschmittel,Eco Freude,CLEANING_PRODUCT
4311501664605,Waschmaschinen Reiniger Tabs,EDEKA,LAUNDRY
4311596001972,Hygiene Spray,EUCO,LAUNDRY
4311596006328,Essigreiniger,Priva,LAUNDRY
4311596007837,Priva Glasreiniger,Priva,CLEANING_PRODUCT
4316268478489,Bravil ColorPlus,Bravil,CLEANING_PRODUCT
4335619010314,Opvaskemaskinerens,W5,CLEANING_PRODUCT
4335619011267,Formil,Formil,LAUNDRY
4335619023499,Detergente,Formil,LAUNDRY
4335619222854,4 éponges vaisselle delicate,W5,CLEANING_PRODUCT
4337182133506,WC Gel,,LAUNDRY
4337256210041,Rohrreiniger Gel für Küche und Bad,AVT Abfüll- und Verpackungstechnik,LAUNDRY
4388860544008,Glasreiniger Ocean,ja!,CLEANING_PRODUCT
4388860552836,Gallseife mit Bürste,AVT Abfüll- und Verpackungstechnik,LAUNDRY
4987176099921,Detergent Bar,Tide,LAUNDRY
4987176351708,Ariel Perfect Wash,Ariel is sold by Procter and Gamble,LAUNDRY
5000204096675,Total Aktiv Gel - Ocean Wave,WC Ente,LAUNDRY
5000204278071,CANARD LIQU GEL MARINE 750ML,Canard,CLEANING_PRODUCT
5000204278101,gel action intense,canard,CLEANING_PRODUCT
5000204329254,Canard WC 100% détartrant,Canard,CLEANING_PRODUCT
5000204366754,WC-Ente,Canard,LAUNDRY
5000204983685,CANARD WC 100% DETARTRANT,CANARD,CLEANING_PRODUCT
5010251550037,Thick bleach berry,Morrisons,CLEANING_PRODUCT
5010287420014,Magic Leaves Laundry Detergent Sheets,Original. Dr Beckmann,LAUNDRY
5033848011377,Purple Nitrile Xtra Gloves,Kimtech,CLEANING_PRODUCT
5037835300000,Éponge,Muc-Off,CLEANING_PRODUCT
5057753720872,Non-Bio Detergent Capsules,Tesco,LAUNDRY
5057753907211,Bio Liquid Detergent,Tesco,LAUNDRY
5057753911201,Non-Bio Liquid Detergent Super Concentrated,Tesco,LAUNDRY
5057753919580,Non Bio Detergent Powder,Tesco,LAUNDRY
5057753921170,Non bio liquid detergent super concentrated,Tesco,LAUNDRY
5057753935214,Bio Detergent Powder,Tesco,LAUNDRY
5059512740145,Bio Detergent Capsules,Tesco,LAUNDRY
5059697256417,Orange Blossom & Pomegranate Bio Detergent Capsules,Tesco,LAUNDRY
5059697754609,Multi-purpose Household Towel,Tesco,CLEANING_PRODUCT
5060481022057,The original scrub daddy,Scrub Daddy,CLEANING_PRODUCT
5060481022064,Scrub Mommy,ScrubDaddy,CLEANING_PRODUCT
5060481026758,Special edition Scrub Mommy Biedronka,Scrub Daddy,CLEANING_PRODUCT
5060558050075,Laundry egg,EcoEgg,LAUNDRY
5063334003869,Lemon washing up liquid,Sainsbury's,CLEANING_PRODUCT
5063334003906,Raspberry and rhubarb washing up liquid,Sainsbury's,CLEANING_PRODUCT
5063334003913,Cherry blossom washing up liquid,Sainsbury's,CLEANING_PRODUCT
5063334043872,Original washing up liquid,Sainsbury's,CLEANING_PRODUCT
5065000240288,Lazim Automatic Detergent powder,,LAUNDRY
50652365,9 Elements Laundry Detergent Eucalyptus,,LAUNDRY
5400141620740,Poudre à lessiver,Everyday,LAUNDRY
5400141728163,Tablette lave vaisselle,Boni,CLEANING_PRODUCT
5410076708994,Detergent,Bold,LAUNDRY
5410091744410,color gel,Persil,CLEANING_PRODUCT
5410091773311,Clothes Detergent Universal 4+1,Dixan,LAUNDRY
5410201901733,Lavettes éponge,,CLEANING_PRODUCT
5410306883286,Liquide vaisselle citron super u,,CLEANING_PRODUCT
5411161111651,pastilles de javel,Loda,BLEACH
5411511530859,Liquide vaisselle concentré,,CLEANING_PRODUCT
5412533003345,SPÜLMASCHINEN-TABS,ECOVER,CLEANING_PRODUCT
5412533404920,Liquide Vaisselle Citron écologique ? 5L ? Ecover?,,CLEANING_PRODUCT
5412533408942,Ecover Essential,Ecover,CLEANING_PRODUCT
5412533413816,Nettoyant WC,Ecover,CLEANING_PRODUCT
5412533415001,Adoucissant,Ecover,LAUNDRY
5412533417098,Liquide vaisselle,,CLEANING_PRODUCT
5412533418170,Lessive liquide,Ecover,LAUNDRY
5412533418613,Liquide vaisselle,,CLEANING_PRODUCT
5412533424676,Lessive liquide noir & foncé,Ecover,LAUNDRY
5413149750470,Feuchte Bodenreinigungstücher,Swiffer,CLEANING_PRODUCT
5413525101407,Liquide-vaisselle,Biotop,CLEANING_PRODUCT
5414157603116,Gants latex jetables M,,CLEANING_PRODUCT
5430003768044,Feuilles de lessive probiotiques,Yokuu,CLEANING_PRODUCT
5601217139368,Sabão natural,Xau,LAUNDRY
56859003,Vinaigre ménager,,LAUNDRY
5701092107510,Dishwasher deep cleaner,Finish,CLEANING_PRODUCT
5703036414609,cleaning sponge,,CLEANING_PRODUCT
5712871289891,Shine Badreiniger Zitrone,Shine,LAUNDRY
5712873371105,Washing-up liquid concentrated classic,Shine,CLEANING_PRODUCT
5712873371501,Savin Color Protect,Mayeri Industries,LAUNDRY
5712874993153,Savin Color Protect Colorwaschmittel,Savin,CLEANING_PRODUCT
5712876736024,Badreiniger,Shine,LAUNDRY
5714970000971,Ultimate tabletter,Finish Powerball,CLEANING_PRODUCT
5714970008038,Ultimate All-in-One,Finish,CLEANING_PRODUCT
5714970008045,Powerball Ultimate dishwasher tablets,Finish,CLEANING_PRODUCT
5900498028133,Miętowy płyn do naczyń,Ludwik,CLEANING_PRODUCT
5900627090444,KERARIN Therapy - MIX COLORS,Woolite,CLEANING_PRODUCT
5908252011919,KERATIN Therapy Fruity - MIX COLORS,Woolite,CLEANING_PRODUCT
5999109581938,rinse & shine aid,finish,CLEANING_PRODUCT
6009644923359,Bubble Plus washing powder,Boom,LAUNDRY
6009709821552,Shine plus window & glass cleaner,Boom,LAUNDRY
6009709826625,Bubble Plus,Boom,LAUNDRY
6009711326847,Fabric Conditioner,Boom,LAUNDRY
6091043802748,Adoucissant,,LAUNDRY
6130026923206,Swift eau de javel,Bio Pack,BLEACH
6130430005413,EAU DE JAVEL BREF,,BLEACH
6131425001533,cleanex,liquide vaisselle. 400da,CLEANING_PRODUCT
6132277700254,Sel Régénérant My King,95 DA,CLEANING_PRODUCT
6132500550106,JAVEL D'OZ,D'OZ,BLEACH
6135533002291,Liquide vaisselle,,CLEANING_PRODUCT
6192002403140,Javel,Judy,BLEACH
6281006506121,OMO Semi Automatic,Omo,LAUNDRY
6281006506145,OMO Automatic,Omo,LAUNDRY
6291103086471,Hand washing powder,Rapid,LAUNDRY
6953937185156,power green tree,detergent,LAUNDRY
6976233675336,Multi surface flore cleaner,Dreame,CLEANING_PRODUCT
7032069732342,Flytende Tøyvask Sensitiv,Rema 1000,CLEANING_PRODUCT
7046110322512,Zalo Ultra dish soap,Orkla,LAUNDRY
7313130174002,ICA Skona Avfallspåsar,ICA,CLEANING_PRODUCT
7318690155003,Sköna Kulör-&Vittvätt Parfymfri,ICA,CLEANING_PRODUCT
7332543659678,Salt,Electrolux,CLEANING_PRODUCT
7400687728554,Lessive liquide Jasmin et Fleur de coton,OMO,LAUNDRY
74917709,Hypoallergenic ECOS plant Powered Laundry Detergent,Magnolia,LAUNDRY
7500435004664,Ariel detergente,,LAUNDRY
7500435019231,magistral,P&G,LAUNDRY
7500435160070,Downy,Downy,LAUNDRY
7500459002004,Multiusos 123 Lavanda,Henkel,LAUNDRY
7501025403058,Limpiador multiusos,Pinol,CLEANING_PRODUCT
7501791631075,Detergente liquido para trastes,Great Value,LAUNDRY
7502279102735,Doble cara Esponjas + fibra,Scrub Daddy,CLEANING_PRODUCT
7509546671246,Antibacterial,Axion,LAUNDRY
7592217001480,Desinfectante Anita,Anita,LAUNDRY
7610810021916,Vinaigre de nettoyage,Coop,LAUNDRY
7611210922513,Vacuum rolls,solis,CLEANING_PRODUCT
7613413082346,Gants nitrite,,CLEANING_PRODUCT
7615400821570,Sprint Impact Performer,Diversey,CLEANING_PRODUCT
7627534276300,All-in-1 Power,coop,CLEANING_PRODUCT
7630028661643,migros plus oeco power,migros plus,LAUNDRY
7649994799536,Lessive,Washo,CLEANING_PRODUCT
7720097009238,Sel régénérant,Finish,CLEANING_PRODUCT
7750243075121,Suavidad de Coco,Uno,LAUNDRY
7751851008754,Intra Patito Bebe,Patito,LAUNDRY
7771214007507,Bristar Lavavajillas Limón,Bristar,CLEANING_PRODUCT
7774904403276,Limón,Todo Brillo,CLEANING_PRODUCT
7774904403900,Todo Brillo Saca Grasa,Luri,CLEANING_PRODUCT
7775000002509,Ola Maximus Antisarro,Maximus,CLEANING_PRODUCT
7775000006170,Ola Maximus Limpia Vidrios Multiuso,Maximus,CLEANING_PRODUCT
7775000008907,Jabón Ola Limón,Ola,LAUNDRY
7775000009997,Ola Aromatic Marina,Aromatic,CLEANING_PRODUCT
7790520014177,Lysoform Original,Lysoform,CLEANING_PRODUCT
7791290008458,Cif Crema Multiuso Limón,Cif,CLEANING_PRODUCT
7791290792500,Cif Bioactive Crema Multiuso Original,Cif,CLEANING_PRODUCT
7791290794078,cif detergente 750ml,cif,LAUNDRY
7792389081383,Lavandina X-5 Concentrada,X-5,BLEACH
7793253002176,Poett Suavidad de Algodón,Poett,CLEANING_PRODUCT
7793253004262,Poett Suavidad de Algodón,Poett,CLEANING_PRODUCT
7840118215025,Guaira Deluxe,Guaira,LAUNDRY
7891150062153,Limpador CIF,CIF,CLEANING_PRODUCT
7896021627967,Detergente Lava-Louças,Odd,LAUNDRY
7896083800025,Água Sanitária Qboa,Anhembi,CLEANING_PRODUCT
8000965222181,Detergente multiuso,Consilia,LAUNDRY
8001090148391,Dash 2 en 1 Touche de Fraîcheur Coquelicot & Fleurs de Cerisier,Dash,LAUNDRY
8001090148650,Recharge Color & Style,Ariel,LAUNDRY
8001090257482,tout en 1 pods,lenor,CLEANING_PRODUCT
8001090282767,ARIEL,Ariel,CLEANING_PRODUCT
8001090339638,Weichspüler Lenor,,LAUNDRY
8001090387325,Simply Propre & Frais Fraîcheur Intense,Ariel,LAUNDRY
8001090389985,Adoucissant Fleurs de soie,Lenor,LAUNDRY
8001090393074,Fairy Lemon,Fairy,LAUNDRY
8001090636287,Fleur de lotus,,CLEANING_PRODUCT
8001090703057,Ariel Simply propre&frais,Ariel,CLEANING_PRODUCT
8001090709530,Ariel 3in1 Pods,Ariel,CLEANING_PRODUCT
8001090712448,Ariel alpine,Ariel,CLEANING_PRODUCT
8001090728173,ARIEL PODS 3 EN 1,,CLEANING_PRODUCT
8001090735409,wasmiddel,ariel compact original,LAUNDRY
8001090833839,Liquide vaisselle,,CLEANING_PRODUCT
8001090902238,Ferrero rocher,Fairy,LAUNDRY
8001480021143,ace gentile,Ace,BLEACH
8001480022287,Wc Gel Profumata Brezza Marina,Ace,LAUNDRY
8001841009926,All Purpose Cleaner,Flash,CLEANING_PRODUCT
8001841132617,Dash 2en1,Dash,CLEANING_PRODUCT
8001841317830,adoucissant textile,lenor,LAUNDRY
8001841534381,ARIEL SEMI AUTOMATIC 110G,,LAUNDRY
8001841709901,Ariel Automatic,,LAUNDRY
8001841773506,Floral Breeze,Downy,LAUNDRY
8001841866413,Dash & Lenor,Dash & Lenor,CLEANING_PRODUCT
8001841947259,liquide vaisselle original,dreft,CLEANING_PRODUCT
8002330002206,Detergente piatti concentrato alľaceto,Esselunga,LAUNDRY
8002849492093,detergente vetri,Ekos,LAUNDRY
8003650019448,Total hygiène gel,WC NET,LAUNDRY
8004260265409,Essuie-tout Sopalin,SOPALIN,CLEANING_PRODUCT
8004260299855,Essuie-tout décoré - Love Les 3 rouleaux,SOPLAIN,CLEANING_PRODUCT
8006540209295,anti calcaire,antikal,CLEANING_PRODUCT
8006540484258,Lenor Weichspüler,Lenor,LAUNDRY
8006540730102,Flash All Purpose Cleaner,,CLEANING_PRODUCT
8006540830796,Fairy Ultra Original Pack Ahorro,Fairy,CLEANING_PRODUCT
8006540938683,Flash All Purpose Cleaner Lemon,,CLEANING_PRODUCT
8007134994849,verde Eco verde bagno,,CLEANING_PRODUCT
8013670457366,Essuie-tout ménager,,CLEANING_PRODUCT
8029241132150,gel detergente mani,Sodico,LAUNDRY
8032649457398,Detergente spray igienizzante per superfici - Sanity green,San.Eco.Vit,LAUNDRY
8051566121120,wc gel,,LAUNDRY
8051566123773,detergente bagno,,LAUNDRY
8058664080199,Salviettine detergent I,Chicco,LAUNDRY
8402001024627,Detergente Marsella,Bosque Verde,LAUNDRY
8402001024634,Detergente Frescura Azul,Bosque Verde,LAUNDRY
8402001024641,Detergente ropa Colonia Hipoalergénico líquido,Bosque Verde,LAUNDRY
8410104124632,Finish - Power gel - ALL IN 1,Finish,CLEANING_PRODUCT
8411287004407,Cabeza de Fregona 100% Microfibra,Mery,CLEANING_PRODUCT
8411660170217,Limpiador Cocinas,Sanytol,LAUNDRY
8411660170231,Limpiador multiusos,Sanytol,LAUNDRY
8421427065021,Lavavajillas manual ecológico,Biobel,LAUNDRY
8421427068053,Detergente con jabón natural para todo tipo de ropa,Biobel,LAUNDRY
8435495810667,A+ Color Flytende 880ml,Arvid nordquist norge,LAUNDRY
8436617751950,"Natulim, detergent strips",Natulim,LAUNDRY
8480000401694,Detergente ropa blanca y color,Bosque Verde,LAUNDRY
8480000405067,Detergente lavadora marsella,Bosque Verde,LAUNDRY
8480000405371,Detergente ropa de Color,Bosque Verde,LAUNDRY
8480000862310,Detergente ropa blanca y de color,Bosque Verde,LAUNDRY
8480010198249,Detergente quita grasa,Eroski,LAUNDRY
8554360018189,Liquide vaisselle Biovie,LEA NATURE,CLEANING_PRODUCT
8682241200443,Sleepy,Sleepy,LAUNDRY
8690637917141,omo,Omo,LAUNDRY
8697713836068,Grease Cleaner Spray For Surfaces Magic Yellow,Asperox,CLEANING_PRODUCT
8697713838956,Detergente frescura de limon,Peros,LAUNDRY
8697713838963,Detergente frescas rosas,Peros,LAUNDRY
8697713838987,Peros detergente brisa de lavanda,Peros,LAUNDRY
8700216010481,Produit vaisselle,dreft,CLEANING_PRODUCT
8700216088435,Color+ Pulver,Ariel,CLEANING_PRODUCT
8700216110808,Lessive liquide,Ariel,LAUNDRY
8700216110907,Lessive liquide,Ariel,LAUNDRY
8700216110938,Original,Ariel,LAUNDRY
8700216267588,Ariel 3in1 pods Aloe Vera,Ariel,CLEANING_PRODUCT
8700216316514,Adoucissant Jasmin Et rose,,LAUNDRY
8700216316866,Adoucissant Ambre et orchidée,Lenor,LAUNDRY
8700216317320,Adoucissant Envolée d'air,Lenor,LAUNDRY
8700216630481,Liquide vaisselle Dreft,P&G,CLEANING_PRODUCT
8700216636643,Ariel 4 in 1 Pods,Ariel,LAUNDRY
8700216669344,Swiffer Duster XXL Starterkit,Swiffer,LAUNDRY
8700216673068,Adoucissant Concentré Jasmin et Rose de Mai,Lenor,LAUNDRY
8700216673242,Lenor Zeebries Wasverzachter,,LAUNDRY
8700216702249,Color + Pulver,Ariel,CLEANING_PRODUCT
8700216702409,Color+ Pulver (36 Wäschen),Ariel,CLEANING_PRODUCT
8700216710923,Antikal Original Kalkreiniger Spray,Antikal,CLEANING_PRODUCT
8700216714730,Waspoeder kleur,Ariël,LAUNDRY
8710447333457,Tablettes lave vaisselle,,CLEANING_PRODUCT
8710447334218,Tablettes Sun Expert extra dégraissant,Sun,CLEANING_PRODUCT
8710447334263,Tablettes lave-vaisselle Extra Power SUN EXPERT,,CLEANING_PRODUCT
8710447335161,Tablettes lave vaisselle,Sun,CLEANING_PRODUCT
8710447380222,"SKIP Lessive Liquide Ultimate Active Clean 1,7l - 34 Lavages",Skip,LAUNDRY
8710447380253,"Skip Lessive Liquide Ultimate Fraîcheur Intense 1,7l - 34 Lavages",Skip,LAUNDRY
8710447381885,Persil Lessive Liquide au Savon de Marseille Bouquet de Provence 2l 40 Lavages,Persil,LAUNDRY
8710447381922,Persil Lessive Liquide Bouquet de Provence 2l 40 Lavages Lot de 2,Persil,LAUNDRY
8710447381960,Persil Lessive Liquide Bouquet de Provence 2l 40 Lavages Lot de 3,Persil,LAUNDRY
8710447382011,"Persil Lessive Liquide l'Essentiel 2,6l 52 Lavages",Persil,LAUNDRY
8710447383216,"SKIP Lessive Liquide Active Clean 1,25l - 25 Lavages",Skip,LAUNDRY
8710447383414,"SKIP Lessive Liquide Sensitive Peaux Sensibles & Bébés 1,25l - 25 Lavages",Skip,LAUNDRY
8710447383469,"SKIP Lessive Liquide Hygiène 1,25l - 25 Lavages",Skip,LAUNDRY
8710447384053,"SKIP Lessive Liquide Active Clean 2,8l - 56 Lavages",Skip,LAUNDRY
8710447384114,"SKIP Lessive Liquide Fraîcheur Intense 2,8l - 56 Lavages",Skip,LAUNDRY
8710447388792,"Omo Lessive Liquide Jasmin & Fleur de Coton 1,35l 27 Lavages",Omo,LAUNDRY
8710447388808,Omo Lessive Liquide Rose & Lilas Blanc 2l 40 Lavages,Omo,LAUNDRY
8710447388822,Omo Lessive Liquide Mandarine & Fleurs de Pommier 40 Lavages - 2L,Omo,LAUNDRY
8710447388839,Omo Lessive Liquide Pêche & Pamplemousse 40 Lavages - 2l,Omo,LAUNDRY
8710447388846,Omo Lessive Liquide Jasmin & Fleur de Coton 40 Lavages - 2l,Omo,LAUNDRY
8710447388884,Omo Lessive Liquide Rose & Lilas Blanc 2L 40 lavages lot de 2,Omo,LAUNDRY
8710447388891,Omo Lessive Liquide Lavande & Patchouli 2l 40 Lavages Lot de 2,Omo,LAUNDRY
8710447388907,Omo Lessive Liquide Mandarine & Fleurs de Pommier Lot 2 x 2L - 80 lavages,Omo,LAUNDRY
8710447388914,Omo Lessive Liquide Pêche & Pamplemousse 2l 40 Lavages Lot de 2,Omo,LAUNDRY
8710447388921,Omo Lessive Liquide Jasmin & Fleur de Coton 2l 40 Lavages Lot de 2,Omo,LAUNDRY
8710447388938,Omo Lessive Liquide Rose & Lilas Blanc x120 lavages - LOT 2+1,Omo,LAUNDRY
8710447388945,Omo Lessive Liquide Pêche & Pamplemousse x120 lavages- LOT 2+1,Omo,LAUNDRY
8710447388952,Omo Lessive Liquide Jasmin & Fleur de Coton x120 lavages - LOT 2+1,Omo,LAUNDRY
8710447388969,"Omo liq rose 2,6l 52w",Omo,LAUNDRY
8710447388976,"Omo Lessive Liquide Pêche & Pamplemousse 52 Lavages - 2,6l",Omo,LAUNDRY
8710447388983,"Omo liq jasmin 2,6l 52w",Omo,LAUNDRY
8710447410370,Sun,Sun,CLEANING_PRODUCT
8710447427835,"Cajoline Doux Et Pur Assouplissant Rêve de Coton 1,42l 57 lavages",Cajoline,LAUNDRY
8710447427873,"Cajoline Doux Et Pur Assouplissant Cocon de Tendresse 1,42l 57 lavages",Cajoline,LAUNDRY
8710447443446,Skip Ultimate Lessive Trio Capsules Sensitive Peaux Sensibles et Bébés 38 Dosettes,Skip,LAUNDRY
8710447443460,Skip Lessive Capsules 3-en-1 Fraîcheur Intense 26 Lavages,3en1,CLEANING_PRODUCT
8710447443484,Skip 3en1 Lessive Capsules Sensitive 26 Capsules,3en1,LAUNDRY
8710447443491,Skip Lessive Capsules 3en1 Hygiène+ 26 Lavages,Skip,LAUNDRY
8710447448588,Skip Lessive Capsules Active Clean 29 Dosettes,Skip,LAUNDRY
8710447448663,Skip Lessive Capsules Peaux Sensibles Bébés Hypoallergénique 29 Dosettes,Skip,LAUNDRY
8710447450581,Persil Lessive Capsules 2 en 1 Bouquet de Provence Eco Pack 20 Dosettes,Persil,LAUNDRY
8710447450598,Persil Lessive Capsules 2en1 Peau Sensible Amande Douce Eco Pack 20 Dosettes,Persil,LAUNDRY
8710447451755,Omo Lessive Capsules 2en1 Lavande & Patchouli 30 Dosettes,Omo,LAUNDRY
8710447451786,Omo 2en1 Lessive Capsules 2en1 Mandarine & Fleurs de Pommier 30 Dosettes,Omo,LAUNDRY
8710447451830,Omo Lessive Capsules 2en1 Pêche & Pamplemousse 30 Dosettes,Omo,LAUNDRY
8710447451861,Omo Lessive Capsules 2en1 Jasmin & Fleur de Coton 30 Dosettes,Omo,LAUNDRY
8710447451892,Omo Lessive Capsules 2en1 Lavande & Patchouli 24 Dosettes,Omo,LAUNDRY
8710447451922,Omo Lessive Capsules 2en1 Rose & Lilas Blanc 24 Dosettes,Omo,LAUNDRY
8710447479599,Skip Lessive Liquide Sensitive Peaux Sensibles & Bébés 3x25 Lavages,Skip,LAUNDRY
8710522357248,"Skip Lessive Liquide Active Clean 5,6l 56 Lavages Lot de 2",Skip,LAUNDRY
8710522396865,Skip Active Clean 46 lavados - Ahorro familiar,Skip,CLEANING_PRODUCT
8710522630662,Persil liq 990ml rose,Persil,LAUNDRY
8710522630679,Persil Lessive Liquide Ecolabel Soin Couleurs Fleur de Cerisier 990ml 18 Lavages,Persil,LAUNDRY
8710522965450,Skip Lessive Liquide à Diluer Active Clean Lot 3x500ml - 90 Lavages,Skip,LAUNDRY
8710522965474,SKIP Lessive Liquide à Diluer Fraîcheur Intense Lot 3x500ml - 90 Lavages,Skip,LAUNDRY
8710522995846,Persil lessive liquide kit,Persil,LAUNDRY
8710847876622,Skip Lessive Capsules Essence de la Nature 22 capsules,Skip,LAUNDRY
8710847879289,Cajoline Collection Parfum Perles de Parfum Bouquet Voluptueux 275gr,Cajoline,LAUNDRY
8710847880285,Cajoline Collection Parfum Assouplissant Ultra Concentré Nectar Divin 870ml - 58 Lavages,Cajoline,LAUNDRY
8710847880292,Cajoline Collection Parfum Assouplissant Ultra Concentré Bouquet Voluptueux 870ml 58 Lavages,Cajoline,LAUNDRY
8710847880308,Cajoline Collection Parfum Assouplissant Ultra Concentré Pétales Délicats 870ml 58 Lavages,Cajoline,LAUNDRY
8710847896545,Cajoline Créations Adoucissant Concentré Fleur de Tiaré & Baies Sauvages Pack Eco - 700ml - 28 Lavages,Cajoline,LAUNDRY
8710847916328,SUN Pouvoir de la Nature Tablettes Lave-Vaisselle Tout-En-1 EcoLabel 40 Lavages,Pouvoir de la Nature,CLEANING_PRODUCT
8710847917486,Skip 3en1 Lessive Capsules Fraîcheur Intense 15 Lavages,3en1,LAUNDRY
8710847917493,Skip Ultimate Lessive Trio Capsules Active Clean 15 Dosettes,Skip,LAUNDRY
8710847917509,Skip 3en1 Lessive Capsules Sensitive 15 Lavages,3en1,LAUNDRY
8710847918483,SKIP Lessive Liquide Fraicheur Naturelle 1.75l - 35 Lavages,Skip,LAUNDRY
8710847919800,Skip 3en1 Lessive Capsules Fraîcheur Intense 38 Lavages,Skip,LAUNDRY
8710847920752,Cajoline Collection Parfum Assouplissant Concentré Bouquet Voluptueux 950ml - 38 Lavages,Cajoline,LAUNDRY
8710847920769,Cajoline Collection Parfum Assouplissant Concentré Nectar Divin 950ml - 38 Lavages,Cajoline,LAUNDRY
8710847922374,Cajoline Ecologique Assouplissant Liquide Douceur & Ylang Ylang 750ml - 30 Lavages,Cajoline,LAUNDRY
8710847922381,Cajoline Ecologique Assouplissant Concentré Souffle de Provence 750ml -30 Lavages,Cajoline,LAUNDRY
8710847941085,Omo Lessive Capsules 2 en 1 Essence de Fleurs d'Orient 30 Capsules,Omo,LAUNDRY
8710847972003,Persil Lessive Liquide Peau Sensible Amande Douce Lot 3 X 2L - 120 Lavages,Persil,LAUNDRY
8710847972010,Persil Lessive Liquide au Savon de Marseille Bouquet de Provence Lot 3 X 2L - 120 Lavages,Persil,LAUNDRY
8710847972027,Persil Lessive Liquide l'Essentiel Lot 3 X 2 L - 120 Lavages,Persil,LAUNDRY
8710847979453,"SKIP Lessive Liquide Active Clean 1,2l - 24 Lavages",Skip,LAUNDRY
8710847979460,"SKIP Lessive Liquide Fraîcheur Intense 1,2l - 24 Lavages",Skip,LAUNDRY
8710847979477,"Skip Lessive Liquide Hygiène 1,2l - 24 Lavages",Skip,LAUNDRY
8710847979491,Skip Lessive Liquide Fraîcheur Intense Lot 2x1.7L - 68 Lavages,Skip,LAUNDRY
8710847979507,"Skip Lessive Liquide Sensitive Peaux Sensibles & Bébés 1,7L - 34 Lavages",Skip,LAUNDRY
8710847979514,Skip Lessive Liquide Sensitive Peaux Sensibles & Bébés Lot 2x1.7l - 68 Lavages,Skip,LAUNDRY
8710847979521,"SKIP Lessive Liquide Hygiène 1,7l - 34 Lavages",Skip,LAUNDRY
8710847979538,Skip Lessive Liquide Hygiene Lot 2x1.7L - 68 Lavages,Skip,LAUNDRY
8710847979552,Skip Lessive Liquide Active Clean Lot 2x2.65l - 106 Lavages,Skip,LAUNDRY
8710847979569,"SKIP Lessive Liquide Fraîcheur Intense 2,65l - 53 Lavages",Skip,LAUNDRY
8710847979576,"Skip Lessive Liquide Fraîcheur Intense Lot 2x2,65l - 106 Lavages",Skip,LAUNDRY
8710847979583,"Skip Lessive Liquide Sensitive Peaux Sensibles & Bébés 2,65L - 53 Lavages",Skip,LAUNDRY
8710847979590,"Skip Lessive Liquide Sensitive Peaux Sensibles & Bébés Lot 2x2,65l - 106 Lavages",Skip,LAUNDRY
8710847979781,"SKIP Lessive Liquide Sensitive Peaux Sensibles & Bébés 1,2l - 24 Lavages",Skip,LAUNDRY
8710847982286,"Skip Lessive Liquide Active Clean Lot 3x1,7l - 102 Lavages",Skip,LAUNDRY
8710847982293,SKIP Lessive Liquide Hygiène Lot 3x1.7l - 102 Lavages,Skip,LAUNDRY
8710847982309,"Skip Lessive Liquide Fraîcheur Intense Lot 3x1,7l - 102 Lavages",Skip,LAUNDRY
8710847982316,Skip Lessive Liquide Sensitive Peaux Sensibles & Bébés Lot 3x1.7l - 102 Lavages,Skip,LAUNDRY
8710847992049,Cajoline Adoucissant Soin Complet Fraîcheur Pétillante 45 Lavages,Cajoline,LAUNDRY
8710847992056,CAJOLINE Adoucissant Soin Complet Gourmandise Fruitée 45 Lavages,Cajoline,LAUNDRY
8710847993787,Omo Lessive Liquide Lait d'Amande Lot 2 x 2L - 80 lavages,Omo,LAUNDRY
8710847994166,CIF all purpose floor cleaner,Unilever,CLEANING_PRODUCT
8710847994746,Omo Lessive Liquide Lait d'Amande 40 Lavages - 2L,Omo,LAUNDRY
8710908007705,Omo Lessive Capsules 2en1 Noix de Coco 30 Dosettes,Omo,LAUNDRY
8710908474675,Ultimate Fresh Clean,SKIP,LAUNDRY
8710908485824,Persil Concentré Lessive Liquide Au Savon de Marseille 37 Lavages - 1L,Persil,LAUNDRY
8710908485923,"Persil Concentré Lessive Liquide Amande Douce & Fleur de Lin Bouteille 37 Lavages - 1,29L",Persil,LAUNDRY
8710908491344,Ultra concentré Tout doux,Cajoline,LAUNDRY
8710908519093,Cajoline Tout Simplement Assouplissant Narcisse 2l 76 Lavages,Cajoline,LAUNDRY
8710908584961,Persil Lessive Poudre Bouquet de Provence 85 Doses Pack vintage,Persil,LAUNDRY
8710908808845,Mleczko cleanboost,Cif,CLEANING_PRODUCT
8710908818837,Omo Lessive Liquide Noir Profond Orchidée du Soir 875ml 25 Lavages,Omo,LAUNDRY
8710908819537,Omo Lessive Liquide Couleurs Eclatantes Violette Sauvage 875ml 25 Lavages,Omo,LAUNDRY
8710908854811,CAJOLINE Intense Perles de Parfum Tourbillon de Fraîcheur 275g,Cajoline,LAUNDRY
8711577190125,HG Onderhoudsmonteur voor (Vaat)wasmachines,HG,CLEANING_PRODUCT
8711600694569,"CAJOLINE Doux & Pur Adoucissant Concentré Hypoallergénique 1,5L - 60 Lavages",Cajoline,LAUNDRY
8711600694668,"CAJOLINE Créations Assouplissant Concentré Fleur de la Passion & Bergamote 1,5L - 60 Lavages",Cajoline,LAUNDRY
8711600839717,"Omo Lessive Liquide Concentrée Rose & Lilas Blanc 42 Lavages - 1,47L",Omo,LAUNDRY
8711700571371,"CAJOLINE Créations Adoucissant Concentré Fleur de Tiaré & Baies Sauvages 1,5L - 60 Lavages",Cajoline,LAUNDRY
8711700952422,"Cajoline Créations Adoucissant Concentré Fraîcheur Ensoleillée Bouteille 1,5L 60 Lavages",Cajoline,LAUNDRY
8712100068874,Skip Lessive Liquide Concentrée Ultimate Active clean 24 lavages,Skip,LAUNDRY
8712252681532,Lemon concentrated,,CLEANING_PRODUCT
8712561019354,"Skip Lessive Liquide Concentrée Fraîcheur Intense 1,4l - 51 Lavages",Skip,LAUNDRY
8712561060080,Surf Liquid Detergent Tropical Lily 25 Washes,Surf,LAUNDRY
8712561060486,Liquid detergent,Surf,LAUNDRY
8712561330640,Persil Bouquet de provence lessive en poudre 66 mesures + 50% gratuit,Persil,LAUNDRY
8712561335119,Persil Lessive Poudre Bouquet de Provence 7 Doses,Persil,LAUNDRY
8712561335195,Skip Lessive en Poudre Active Clean 7 Lavages,Skip,LAUNDRY
8712561336277,Skip Lessive en Poudre Active Clean 27 Lavages,Skip,LAUNDRY
8712561344494,Persil Lessive Poudre Bouquet de Provence 45 Doses,Persil,LAUNDRY
8712561344951,Persil poudre amande x45,Persil,LAUNDRY
8712561345033,Skip Lessive en Poudre Active Clean 39 Lavages,Skip,LAUNDRY
8712561352482,Omo Lessive Poudre Mandarine & Fleurs de Pommier 50 Doses,Omo,LAUNDRY
8712561352826,Omo Lessive Poudre Jasmin & Fleur de Coton 50 Doses,Omo,LAUNDRY
8712561353472,Skip Lessive en Poudre Active Clean 61 Lavages,Skip,LAUNDRY
8712561478434,Persil Lessive Poudre Bouquet de Provence 85 Doses,Persil,LAUNDRY
8712561478526,Persil Lessive Poudre Peaux Sensibles 5.95kg - 85 Lavages,Persil,LAUNDRY
8712561542425,"CAJOLINE Adoucissant Concentré Doux & Pur Hypoallergénique 1,16L - 46 Lavages",Cajoline,LAUNDRY
8712561542623,"Cajoline Assouplissant Concentré Passion Bergamote 1,16L 46 Lavages",Cajoline,LAUNDRY
8712561808347,"Cajoline Assouplissant Concentré Orchidées Sauvages Bois Santal 1,5l 60 Lavages",Cajoline,LAUNDRY
8712561882446,Cajoline Assouplissant Ultra-Concentré Tourbillon de Fraîcheur 960ml - 64 lavages,Cajoline,LAUNDRY
8712561882705,CAJOLINE Adoucissant Concentré Passion Gourmande 960ml - 64 Lavages,Cajoline,LAUNDRY
8712561925631,Omo Lessive Capsules Douceur de Fleurs & Jasmin 32 Dosettes,Omo,LAUNDRY
8712561927062,Lessive,,CLEANING_PRODUCT
8712566711895,Skip Lessive Tablettes Active Clean 32 Lavages,Skip,LAUNDRY
8712566712250,Skip Lessive Tablettes Active Clean 56 Lavages,Skip,LAUNDRY
8714789016177,Softlan ultra,Softlan,LAUNDRY
8714789105802,Javel en pastilles,Lacroix,BLEACH
8714789563787,"Paic Citron, Liquide Vaisselle, Flacon De 750 Millilitres",PAIC,CLEANING_PRODUCT
8714789659541,Paic axel,PAIC,CLEANING_PRODUCT
8714789833651,Liquide vaisselle,Palmolive,CLEANING_PRODUCT
8714789935355,Eau de Javel eucalyptus,,BLEACH
8714789944043,Paic INTEGRAL5,PAIC,CLEANING_PRODUCT
8714789948485,Gel WC désinfectant 3 en 1,La Croix,CLEANING_PRODUCT
8714789968735,Paic citron,PAIC,CLEANING_PRODUCT
8714789968810,Paic citron,PAIC,CLEANING_PRODUCT
8715342054193,Universal discales,Super Finn,CLEANING_PRODUCT
8717163626726,"Skip Essence De La Nature Lessive Liquide Eco Label Recharge 1,98l 36 Lavages Recharge",Essence De La Nature,LAUNDRY
8717163658642,"Persil Lessive Liquide Ecolabel Naturissime Fraîcheur d'Agrumes 1,32l 24 Lavages",Persil,LAUNDRY
8717163658659,"Persil Lessive Liquide Ecolabel Naturissime Douceur de Fleurs 1,32l 24 Lavages",Persil,LAUNDRY
8717163675663,Washing Detergent (Perfect Black),Surf,LAUNDRY
8717163684573,"Omo Lessive Liquide Noix de Coco 52 Lavages - 2,6L",Omo,LAUNDRY
8717163835623,Liquide Vaisselle Ecolabel,Neutral,CLEANING_PRODUCT
8717496479792,Vinaigre ménager,Mariette Authentique,LAUNDRY
8717644137796,lessive liquide,omo,LAUNDRY
8717644231180,Domestos Gel Nettoyant Wc 100 % Désinfectant Fraîcheur Alpine 1L,Domestos,LAUNDRY
8717644231913,Domestos Gel Antibactérien Wc 100% Désinfectant Original 1l,Domestos,LAUNDRY
8717644416655,Comfort Concentrate,cleanright,CLEANING_PRODUCT
8718951037939,Detergente limpa vidros,Ajac,LAUNDRY
8718951064768,Produit Vaisellle,Paic,CLEANING_PRODUCT
8718951185043,soupline concentré,soupline,CLEANING_PRODUCT
8718951188952,Lave vaisselle,Paic,CLEANING_PRODUCT
8718951190702,Softlan Ultra Outdoor Fresh,Colgate-Palmolive,LAUNDRY
8718951192478,Soupline,colgate-palmolive,CLEANING_PRODUCT
8718951249295,paic,paic,CLEANING_PRODUCT
8718951394902,adoucissant,Soupline Hypo alergénique,LAUNDRY
8718951394933,Adoucissant,,LAUNDRY
8718951472228,Liquide vaisselle,,CLEANING_PRODUCT
8718951475427,Liquide vaisselle,,CLEANING_PRODUCT
8718951478848,Citron  Super Dégraissant,PAIC,CLEANING_PRODUCT
8718951478886,PAIC Citron vert,PAIC,CLEANING_PRODUCT
8718951537248,Paic,Paic,CLEANING_PRODUCT
8718951538672,PAIC Excel²,Paic,CLEANING_PRODUCT
8718951561090,Adoucissant Éclat de Fraîcheur,Soupline,LAUNDRY
8718951579934,"Assouplissant concentré lavande -  Soupline - 1,35l",Soupline,LAUNDRY
8718951580114,Adoucissant concentré Hypoallergénique,Soupline,LAUNDRY
8718951635302,Adoucissant recharge à diluer,Soupline,LAUNDRY
8718951638693,Adoucissant Soupline Lingettes Voile Sèche-linge Grand air-x20,Soupline,LAUNDRY
8718951645585,Ajax fête des fleurs,Ajax,CLEANING_PRODUCT
8718951697645,Paic execrl,PAIC,CLEANING_PRODUCT
8719134126976,Liquide vaisselle,,CLEANING_PRODUCT
8719189416077,Marcel's Green Soap Sandelhout & Kardemom Allesreiniger Spray,Marcel's Green Soap,CLEANING_PRODUCT
8719238001872,A Food cleWashing pu liquid,A Food clean,CLEANING_PRODUCT
8719238020866,ECO LESSIVE LIQUIDE,orange créative,LAUNDRY
8719238049874,All purpose cleaner,,CLEANING_PRODUCT
8719743402577,Anti calcaire,Super Finn,CLEANING_PRODUCT
8719743406315,Liquide vaisselle,,CLEANING_PRODUCT
8720181000973,OMO CAPS TRIO27w ROSE,Omo,LAUNDRY
8720181000980,Omo Lessive Capsules 3en1 Lavande & Patchouli 27 lavages,Omo,LAUNDRY
8720181001000,Omo Lessive Capsules 3en1 Noix de Coco 27 Lavages,Omo,LAUNDRY
8720181001017,OMO CAPS TRIO27w PECHE,Omo,LAUNDRY
8720181001024,Omo Lessive Capsules 3en1 Lait d'Amande 27 Lavages,Omo,LAUNDRY
8720181004292,"Omo Lessive Liquide Monoï 35 Lavages - 1,925L",Omo,LAUNDRY
8720181006388,Liquid Detergent,Persil,LAUNDRY
8720181010835,Love Home And Planet Lessive Liquide Rose & Murumuru 750ML 15 Lavages,Love home and planet,LAUNDRY
8720181010842,Love Home And Planet Lessive Liquide Lavande & Huile Argan 750ML 15 Lavages,Love home and planet,LAUNDRY
8720181018077,Love Home And Planet Liquide Vaisselle Yuzu & Vanille 500ml,Love home and planet,CLEANING_PRODUCT
8720181018084,Love Home And Planet Liquide Vaisselle Vétiver & Arbre à Thé 500ml,Love home and planet,CLEANING_PRODUCT
8720181025532,Persil Lessive Capsules 3en1 Douceur Amande EcoPack 19 Lavages,Persil,LAUNDRY
8720181025549,Persil Lessive Capsules 3en 1 Bouquet de Provence EcoPack 19 Lavages,Persil,LAUNDRY
8720181037368,Persil Lessive Liquide Bouteille Vide Vrac Douceur & Fraicheur 1.5 L,Persil,LAUNDRY
8720181077425,"Skip Désinfectant du linge Désinfecte & Purifie 1,2l",Skip,LAUNDRY
8720181077432,Skip Désinfectant du linge Désinfecte & Anti-Odeurs 1.2l,Skip,LAUNDRY
8720181080104,"Persil Lessive Liquide Douceur d'Amande aux extraits de Vanille Bio 1,9l 38 Lavages",Persil,LAUNDRY
8720181080111,"Persil Lessive Liquide Douceur d'Amande aux extraits de Vanille Bio 2,45l 49 Lavages",Persil,LAUNDRY
8720181080128,"Omo Lessive Liquide Rose & Lilas Blanc 23 Lavages - 1,15l",Omo,LAUNDRY
8720181080142,"PERSIL Lessive Liquide Bouquet de Provence aux extraits de Lavande Bio 1,15l 22 Lavages",Persil,LAUNDRY
8720181080159,Persil Lessive Liquide Bouque de Provence 1.75L - 35 Lavages,Persil,LAUNDRY
8720181080173,"Persil Lessive Liquide Fraîcheur de Méditerranée aux extraits de Romarin Bio 1,9l 38 Lavages",Persil,LAUNDRY
8720181080180,"Persil Lessive Liquide Bouquet de Provence aux extraits de Lavande Bio 2,45l 49 Lavages",Persil,LAUNDRY
8720181080197,"Persil Lessive Liquide Fraîcheur de Méditerranée aux extraits de Romarin Bio 2,45l 49 Lavages",Persil,LAUNDRY
8720181080203,"Persil Lessive Liquide Souffle de Printemps aux extraits naturels de Fleur d'Oranger 1,9l 38 Lavages",Persil,LAUNDRY
8720181080494,"Persil Lessive Liquide Bouquet de Provence aux extraits de Lavande Bio 3,95l 79 Lavages",Persil,LAUNDRY
8720181082252,Persil Lessive Liquide Fraîcheur de Méditerranée aux extraits de Romarin Bio - Format Familal Lot 3x1.9L - 114 Lavages,Persil,LAUNDRY
8720181082276,Persil Lessive Liquide Fraîcheur de Méditerranée aux extraits de Romarin Bio Lot 2x1.9L - 76 Lavages,Persil,LAUNDRY
8720181082290,Persil Lessive Liquide Souffle de Printemps aux extraits de Fleur d'Oranger Lot 3x1.9L - 114 Lavages,Persil,LAUNDRY
8720181082306,Persil Lessive Liquide Souffle de Printemps aux extraits naturels de Fleur d'Oranger Lot 2x1.9L - 76 Lavages,Persil,LAUNDRY
8720181087097,SKIP Lessive Liquide à Diluer Active Clean 30 Lavages,Skip,LAUNDRY
8720181087103,SKIP Lessive Liquide à Diluer Fraîcheur Intense 500ml - 30 Lavages,Skip,LAUNDRY
8720181109553,Liquid Detergent,Surf,LAUNDRY
8720181116018,SKIP LESSIVE CAPSULES 3en1 TOUCHE DE CAJOLINE x24,Skip,LAUNDRY
8720181125645,Persil Lessive Liquide à Diluer Bouquet De Provence 500ml 30 Lavages,Persil,LAUNDRY
8720181125652,Persil dil aman 500ml 30w,Persil,LAUNDRY
8720181177729,Surf Concentrated Liquid Detergent,Unilever,LAUNDRY
8720181248214,Lessive capsules 3-en-1,Skip,LAUNDRY
8720181248252,Lessive tout en 1,Skip,CLEANING_PRODUCT
8720181253232,Adoucissant Créations Tiaré baies sauvages,Cajoline,LAUNDRY
8720181285646,Sensitive,Skip,LAUNDRY
8720181285806,Skip Active Clean (format familial),Skip,LAUNDRY
8720181288944,Bouquet de Provence,Persil,LAUNDRY
8720181288951,Douceur d'schampoing lustrant pour voitureAmande,Carrefour,LAUNDRY
8720181347481,Concentrated Liquid Detergent,Surf,LAUNDRY
8720181348938,Peaux Sensibles Fleur de coton,Persil,LAUNDRY
8720181373107,capsule detergent,Dero,LAUNDRY
8720181374227,tablette lave vaisselle,sun,CLEANING_PRODUCT
8720181633256,Adoucissant fleur de la passion & bergamote,Cajoline,LAUNDRY
8720181659027,Adoucissant,Cajoline,LAUNDRY
8720182284648,WC Reiniger Gel,Domestos,LAUNDRY
8720182284662,WC Gel Citrus Fresh,Domestos,LAUNDRY
8720182432391,Kraft & Frische,Domestos,LAUNDRY
8720182601216,Optimum capsules lave-vaisselle tout en 1,Sun,CLEANING_PRODUCT
8720182601414,Capsules lave-vaisselle absolu tout-en-1 brillance,Sun,CLEANING_PRODUCT
8720354266816,Soft broom,Hema,CLEANING_PRODUCT
8720847379108,Désodorisant pour lave-vaisselle,Scents,CLEANING_PRODUCT
8901030641640,Wheel,,LAUNDRY
8901030695452,Matic Liquid,Surf Excel,LAUNDRY
8901030997723,Wheel Detergent Powder,Wheel,LAUNDRY
8901399077487,wipro safe wash premium liquid detergent 1kg,,LAUNDRY
8902850014416,Ozone,Detergent,LAUNDRY
8908009149619,Plant Powered Baby Liquid Cleanser (or Natural Baby Liquid Cleanser),Mother Sparsh,LAUNDRY
8909106006478,Surf Excel Quick Wash Detergent Powder,Surf Excel,CLEANING_PRODUCT
8909106015081,Surf Excel Quick Wash,Surf Excel is sold by Hindustan Unilever Limited,LAUNDRY
8909106020504,Vim Ultrapro Floor Cleaner,Vim,CLEANING_PRODUCT
8909106024014,vim floor cleaner,hul,CLEANING_PRODUCT
8909106026346,Surf Excel Easy Wash Blue,Surf Excel,CLEANING_PRODUCT
8909106040670,Surf Excel Detergent Bar,Surf Excel,LAUNDRY
8909106050426,Surf Excel Matic Front Load Liquid Detergent,Surf Excel is sold by Hindustan Unilever Limited (HUL),LAUNDRY
8909106051096,Surf Excel Matic Top Load Liquid Detergent,Surf Excel,LAUNDRY
8909106051102,Surf Excel Matic Front Load Liquid Detergent,Surf Excel,LAUNDRY
8909106057449,Surf Excel Quick Wash,Surf Excel,LAUNDRY
8941100507070,Lizol Floor Cleaner Citrus Disinfectant Surface,Lizol,CLEANING_PRODUCT
9000100866224,Clin ablaktisztító - Citrus illattal,Clin,CLEANING_PRODUCT
9000100867122,Glas & Flächen Streifenfrei,Clin,CLEANING_PRODUCT
9000101348019,Somat ALL in 1,Somat,CLEANING_PRODUCT
9000101385991,Balsam Aloe Vera,Pur,CLEANING_PRODUCT
9001531944635,Baume liquide vaisselle citron,,CLEANING_PRODUCT
9003740016721,Geschirrreiniger,clever,CLEANING_PRODUCT
9005835311346,Claro classic Geschirrspültabs,claro,CLEANING_PRODUCT
9010406004923,Maschinenpfleger Zitrone,Bi Home,CLEANING_PRODUCT
9310205270148,Dual Angle Window Washer,Sabco,CLEANING_PRODUCT
9310692004448,Earth Choice Top & Front Loader Liquid 4L,,LAUNDRY
9310692112952,Dishwashing liquid,Earth Choice,CLEANING_PRODUCT
9310692161448,Earth Choice Top & Front Loader Liquid 4L,Earth Choice,LAUNDRY
9350376003848,Cold Power Advanced Clean Laundry Liquid Washing Detergent 2L,Cold Power,LAUNDRY
9370510501535,Eco dishwasher powder,Kin Kin,CLEANING_PRODUCT
9501030513023,Gentil,,LAUNDRY
9932434877006,Lavette Éponge Axion,80 DA,CLEANING_PRODUCT
